CREATE DATABASE  IF NOT EXISTS `annualcycle` /*!40100 DEFAULT CHARACTER SET utf8 */;
USE `annualcycle`;
-- MySQL dump 10.13  Distrib 5.7.17, for Win64 (x86_64)
-- 
-- Host: localhost    Database: annualcycle
-- ------------------------------------------------------
-- Server version	5.7.19-log

-- Last edit: Vebjørn A.A 15.10.17 v.1.1.0

/*!40101 SET @OLD_CHARACTER_SET_CLIENT=@@CHARACTER_SET_CLIENT */;
/*!40101 SET @OLD_CHARACTER_SET_RESULTS=@@CHARACTER_SET_RESULTS */;
/*!40101 SET @OLD_COLLATION_CONNECTION=@@COLLATION_CONNECTION */;
/*!40101 SET NAMES utf8 */;
/*!40103 SET @OLD_TIME_ZONE=@@TIME_ZONE */;
/*!40103 SET TIME_ZONE='+00:00' */;
/*!40014 SET @OLD_UNIQUE_CHECKS=@@UNIQUE_CHECKS, UNIQUE_CHECKS=0 */;
/*!40014 SET @OLD_FOREIGN_KEY_CHECKS=@@FOREIGN_KEY_CHECKS, FOREIGN_KEY_CHECKS=0 */;
/*!40101 SET @OLD_SQL_MODE=@@SQL_MODE, SQL_MODE='NO_AUTO_VALUE_ON_ZERO' */;
/*!40111 SET @OLD_SQL_NOTES=@@SQL_NOTES, SQL_NOTES=0 */;

--
-- Table structure for table `calendar`
--

DROP TABLE IF EXISTS `calendar`;
/*!40101 SET @saved_cs_client     = @@character_set_client */;
/*!40101 SET character_set_client = utf8 */;
CREATE TABLE `calendar` (
  `CalendarId` int(11) NOT NULL AUTO_INCREMENT,
  `Public` tinyint(1) NOT NULL,
  `Deleted` tinyint(1) NOT NULL DEFAULT '0',
  PRIMARY KEY (`CalendarId`)
) ENGINE=InnoDB AUTO_INCREMENT=101 DEFAULT CHARSET=utf8;
/*!40101 SET character_set_client = @saved_cs_client */;

--
-- Dumping data for table `calendar`
--

LOCK TABLES `calendar` WRITE;
/*!40000 ALTER TABLE `calendar` DISABLE KEYS */;
INSERT INTO `calendar` VALUES (1,1,0),(2,0,0),(3,0,0),(4,0,0),(5,1,0),(6,0,0),(7,1,0),(8,1,0),(9,1,0),(10,1,0),(11,1,0),(12,0,0),(13,1,0),(14,1,0),(15,1,0),(16,0,0),(17,1,0),(18,0,0),(19,0,0),(20,1,0),(21,1,0),(22,1,0),(23,1,0),(24,0,0),(25,0,0),(26,0,0),(27,1,0),(28,1,0),(29,0,0),(30,0,0),(31,1,0),(32,0,0),(33,0,0),(34,1,0),(35,1,0),(36,1,0),(37,0,0),(38,0,0),(39,1,0),(40,1,0),(41,1,0),(42,0,0),(43,0,0),(44,1,0),(45,0,0),(46,0,0),(47,0,0),(48,1,0),(49,0,0),(50,1,0),(51,0,0),(52,1,0),(53,1,0),(54,1,0),(55,0,0),(56,1,0),(57,0,0),(58,0,0),(59,1,0),(60,0,0),(61,1,0),(62,0,0),(63,0,0),(64,0,0),(65,0,0),(66,0,0),(67,1,0),(68,0,0),(69,0,0),(70,1,0),(71,1,0),(72,1,0),(73,0,0),(74,1,0),(75,1,0),(76,0,0),(77,1,0),(78,1,0),(79,1,0),(80,0,0),(81,1,0),(82,1,0),(83,1,0),(84,1,0),(85,0,0),(86,1,0),(87,0,0),(88,0,0),(89,1,0),(90,1,0),(91,1,0),(92,1,0),(93,1,0),(94,0,0),(95,0,0),(96,0,0),(97,0,0),(98,0,0),(99,1,0),(100,0,0);
/*!40000 ALTER TABLE `calendar` ENABLE KEYS */;
UNLOCK TABLES;
/*!50003 SET @saved_cs_client      = @@character_set_client */ ;
/*!50003 SET @saved_cs_results     = @@character_set_results */ ;
/*!50003 SET @saved_col_connection = @@collation_connection */ ;
/*!50003 SET character_set_client  = utf8 */ ;
/*!50003 SET character_set_results = utf8 */ ;
/*!50003 SET collation_connection  = utf8_general_ci */ ;
/*!50003 SET @saved_sql_mode       = @@sql_mode */ ;
/*!50003 SET sql_mode              = 'STRICT_TRANS_TABLES,STRICT_ALL_TABLES,NO_ZERO_IN_DATE,NO_ZERO_DATE,ALLOW_INVALID_DATES,ERROR_FOR_DIVISION_BY_ZERO,TRADITIONAL,NO_AUTO_CREATE_USER,NO_ENGINE_SUBSTITUTION' */ ;
DELIMITER ;;
/*!50003 CREATE*/ /*!50017 DEFINER=`root`@`localhost`*/ /*!50003 TRIGGER flagallcalendarcontent AFTER UPDATE ON Calendar
FOR EACH ROW
BEGIN
IF NEW.Deleted <=> "1" AND Old.Deleted <=> "0" THEN

    UPDATE EventCalendar
	SET Deleted = '1'
	WHERE CalendarId = NEW.CalendarId;
    
	UPDATE Usercalendars
	SET Deleted = '1'
	WHERE CalendarId = NEW.CalendarId;
    
END IF;
END */;;
DELIMITER ;
/*!50003 SET sql_mode              = @saved_sql_mode */ ;
/*!50003 SET character_set_client  = @saved_cs_client */ ;
/*!50003 SET character_set_results = @saved_cs_results */ ;
/*!50003 SET collation_connection  = @saved_col_connection */ ;
/*!50003 SET @saved_cs_client      = @@character_set_client */ ;
/*!50003 SET @saved_cs_results     = @@character_set_results */ ;
/*!50003 SET @saved_col_connection = @@collation_connection */ ;
/*!50003 SET character_set_client  = utf8 */ ;
/*!50003 SET character_set_results = utf8 */ ;
/*!50003 SET collation_connection  = utf8_general_ci */ ;
/*!50003 SET @saved_sql_mode       = @@sql_mode */ ;
/*!50003 SET sql_mode              = 'STRICT_TRANS_TABLES,STRICT_ALL_TABLES,NO_ZERO_IN_DATE,NO_ZERO_DATE,ALLOW_INVALID_DATES,ERROR_FOR_DIVISION_BY_ZERO,TRADITIONAL,NO_AUTO_CREATE_USER,NO_ENGINE_SUBSTITUTION' */ ;
DELIMITER ;;
/*!50003 CREATE*/ /*!50017 DEFINER=`root`@`localhost`*/ /*!50003 TRIGGER Calendar_del BEFORE DELETE ON Calendar
FOR EACH ROW
BEGIN
	CALL raise_application_error(-20001, "Records can not be deleted");
END */;;
DELIMITER ;
/*!50003 SET sql_mode              = @saved_sql_mode */ ;
/*!50003 SET character_set_client  = @saved_cs_client */ ;
/*!50003 SET character_set_results = @saved_cs_results */ ;
/*!50003 SET collation_connection  = @saved_col_connection */ ;

--
-- Table structure for table `eventcalendar`
--

DROP TABLE IF EXISTS `eventcalendar`;
/*!40101 SET @saved_cs_client     = @@character_set_client */;
/*!40101 SET character_set_client = utf8 */;
CREATE TABLE `eventcalendar` (
  `EventId` int(11) NOT NULL,
  `CalendarId` int(11) NOT NULL,
  `Deleted` tinyint(1) NOT NULL DEFAULT '0',
  PRIMARY KEY (`EventId`,`CalendarId`),
  KEY `CalendarId_idx` (`CalendarId`),
  CONSTRAINT `eventcalendar_ibfk_1` FOREIGN KEY (`EventId`) REFERENCES `eventn` (`EventId`) ON DELETE NO ACTION ON UPDATE NO ACTION,
  CONSTRAINT `eventcalendar_ibfk_2` FOREIGN KEY (`CalendarId`) REFERENCES `calendar` (`CalendarId`) ON DELETE NO ACTION ON UPDATE NO ACTION
) ENGINE=InnoDB DEFAULT CHARSET=utf8;
/*!40101 SET character_set_client = @saved_cs_client */;

--
-- Dumping data for table `eventcalendar`
--

LOCK TABLES `eventcalendar` WRITE;
/*!40000 ALTER TABLE `eventcalendar` DISABLE KEYS */;
INSERT INTO `eventcalendar` VALUES (1,84,0),(2,49,0),(2,62,0),(3,10,0),(4,39,0),(4,46,0),(7,31,0),(10,83,0),(12,28,0),(12,34,0),(14,14,0),(15,43,0),(17,81,0),(18,51,0),(18,93,0),(19,64,0),(20,35,0),(21,16,0),(22,55,0),(23,49,0),(25,53,0),(25,71,0),(26,2,0),(26,54,0),(29,51,0),(31,20,0),(31,33,0),(31,36,0),(31,85,0),(31,94,0),(32,36,0),(32,54,0),(33,19,0),(33,68,0),(34,96,0),(35,32,0),(36,22,0),(37,26,0),(39,1,0),(40,17,0),(40,23,0),(40,79,0),(42,34,0),(43,14,0),(43,51,0),(44,12,0),(44,19,0),(45,12,0),(47,18,0),(47,65,0),(47,79,0),(49,42,0),(49,44,0),(50,73,0),(51,95,0),(52,10,0),(52,89,0),(53,28,0),(53,91,0),(54,7,0),(54,68,0),(54,72,0),(54,79,0),(55,72,0),(55,94,0),(56,63,0),(56,76,0),(58,75,0),(59,38,0),(59,98,0),(60,43,0),(61,44,0),(61,87,0),(63,74,0),(64,1,0),(64,46,0),(65,18,0),(65,39,0),(65,50,0),(66,81,0),(66,84,0),(68,81,0),(69,78,0),(71,99,0),(72,55,0),(73,20,0),(73,45,0),(74,77,0),(76,50,0),(77,22,0),(77,58,0),(78,25,0),(78,53,0),(79,9,0),(80,49,0),(80,97,0),(81,90,0),(81,94,0),(83,18,0),(87,18,0),(87,51,0),(88,57,0),(90,67,0),(90,77,0),(91,71,0),(92,41,0),(93,97,0),(94,5,0),(94,19,0),(94,46,0),(97,62,0),(97,86,0),(97,92,0),(100,5,0),(100,6,0),(101,23,0),(101,31,0),(102,21,0),(103,15,0),(103,75,0),(104,29,0),(104,77,0),(104,85,0),(105,45,0),(106,77,0),(107,50,0),(111,70,0),(112,42,0),(113,44,0),(113,97,0),(114,79,0),(114,94,0),(115,40,0),(118,17,0),(120,33,0),(120,76,0),(121,14,0),(122,76,0),(124,75,0),(127,91,0),(127,94,0),(128,85,0),(129,76,0),(131,6,0),(132,76,0),(133,33,0),(135,62,0),(137,12,0),(138,87,0),(139,68,0),(140,3,0),(140,21,0),(140,85,0),(140,93,0),(141,43,0),(141,64,0),(141,72,0),(142,55,0),(142,82,0),(144,44,0),(148,56,0),(148,77,0),(149,93,0),(150,35,0),(150,97,0),(152,43,0),(156,75,0),(157,8,0),(159,16,0),(160,58,0),(163,19,0),(163,87,0),(165,12,0),(166,86,0),(168,47,0),(168,98,0),(169,3,0),(169,84,0),(170,69,0),(170,98,0),(171,65,0),(172,39,0),(173,33,0),(173,70,0),(174,38,0),(175,69,0),(176,16,0),(177,36,0),(177,97,0),(178,21,0),(179,48,0),(179,87,0),(180,37,0),(181,43,0),(181,83,0),(182,4,0),(184,1,0),(184,30,0),(188,46,0),(188,85,0),(189,76,0),(190,58,0),(191,8,0),(192,3,0),(192,12,0),(193,50,0),(193,64,0),(194,24,0),(195,48,0),(195,89,0),(196,96,0),(197,1,0),(197,56,0),(197,90,0),(198,63,0),(200,7,0),(201,97,0),(201,100,0),(202,84,0),(202,93,0),(204,72,0),(205,38,0),(207,10,0),(207,29,0),(207,31,0),(207,38,0),(209,14,0),(211,84,0),(213,24,0),(214,25,0),(214,47,0),(214,64,0),(214,95,0),(215,31,0),(218,71,0),(221,12,0),(221,60,0),(221,74,0),(222,7,0),(224,22,0),(224,37,0),(225,15,0),(225,43,0),(226,20,0),(226,64,0),(229,97,0),(230,72,0),(231,17,0),(231,92,0),(232,62,0),(235,4,0),(235,9,0),(237,1,0),(237,77,0),(240,6,0),(241,10,0),(244,89,0),(245,32,0),(245,93,0),(246,43,0),(249,67,0),(249,69,0),(250,16,0),(250,52,0),(250,64,0),(250,92,0),(251,33,0),(252,43,0),(252,99,0),(252,100,0),(253,6,0),(254,39,0),(256,96,0),(259,12,0),(259,22,0),(259,42,0),(261,51,0),(263,22,0),(267,30,0),(267,36,0),(268,31,0),(270,5,0),(271,19,0),(271,24,0),(271,55,0),(272,35,0),(275,8,0),(275,33,0),(275,85,0),(276,71,0),(276,82,0),(277,41,0),(279,14,0),(280,11,0),(283,20,0),(283,72,0),(283,91,0),(284,6,0),(284,20,0),(288,1,0),(288,30,0),(289,31,0),(290,9,0),(290,57,0),(292,48,0),(292,59,0),(293,68,0),(294,47,0),(294,51,0),(295,35,0),(296,75,0),(298,45,0),(299,59,0),(299,78,0),(300,54,0),(300,91,0),(303,88,0),(304,81,0),(305,32,0),(305,59,0),(307,27,0),(307,53,0),(308,49,0),(309,87,0),(310,45,0),(311,20,0),(311,55,0),(312,56,0),(313,10,0),(316,47,0),(316,84,0),(317,66,0),(319,28,0),(319,37,0),(319,46,0),(319,53,0),(320,44,0),(320,50,0),(320,64,0),(322,26,0),(322,45,0),(322,71,0),(324,88,0),(325,26,0),(326,39,0),(326,46,0),(326,84,0),(327,57,0),(328,63,0),(328,98,0),(330,96,0),(331,34,0),(331,52,0),(331,88,0),(333,18,0),(333,42,0),(333,78,0),(335,16,0),(335,42,0),(337,1,0),(337,17,0),(337,21,0),(337,48,0),(338,35,0),(338,59,0),(339,31,0),(340,86,0),(342,14,0),(343,36,0),(343,47,0),(343,85,0),(344,72,0),(344,80,0),(344,86,0),(344,95,0),(345,74,0),(346,99,0),(348,15,0),(349,23,0),(349,26,0),(349,69,0),(349,84,0),(350,38,0),(350,50,0),(351,91,0),(354,25,0),(354,42,0),(354,75,0),(355,28,0),(356,80,0),(360,3,0),(360,14,0),(361,19,0),(362,40,0),(362,86,0),(363,40,0),(363,72,0),(364,29,0),(364,43,0),(365,43,0),(365,69,0),(366,59,0),(367,93,0),(368,55,0),(369,90,0),(370,46,0),(370,80,0),(374,1,0),(377,51,0),(378,47,0),(379,51,0),(379,93,0),(380,30,0),(381,75,0),(382,35,0),(382,40,0),(383,29,0),(384,45,0),(385,58,0),(385,64,0),(386,16,0),(386,75,0),(388,36,0),(389,46,0),(390,75,0),(391,65,0),(392,6,0),(392,13,0),(393,5,0),(393,14,0),(395,21,0),(396,98,0),(397,51,0),(398,11,0),(398,19,0),(398,37,0),(399,54,0),(399,99,0),(401,41,0),(402,3,0),(403,23,0),(403,61,0),(404,2,0),(406,28,0),(409,8,0),(414,36,0),(415,79,0),(416,19,0),(416,56,0),(417,44,0),(418,42,0),(419,49,0),(420,31,0),(421,14,0),(421,20,0),(421,84,0),(422,15,0),(422,72,0),(423,27,0),(425,53,0),(425,63,0),(426,6,0),(426,39,0),(427,52,0),(428,13,0),(429,23,0),(430,46,0),(430,52,0),(432,69,0),(434,68,0),(434,93,0),(435,67,0),(436,20,0),(436,85,0),(437,30,0),(438,10,0),(439,3,0),(440,67,0),(440,78,0),(441,58,0),(442,29,0),(442,32,0),(442,52,0),(442,96,0),(443,15,0),(444,44,0),(444,77,0),(445,56,0),(445,72,0),(446,8,0),(446,38,0),(447,44,0),(448,41,0),(448,45,0),(448,61,0),(449,95,0),(451,44,0),(451,65,0),(453,28,0),(454,29,0),(455,37,0),(459,1,0),(459,22,0),(459,91,0),(461,59,0),(462,14,0),(463,15,0),(463,93,0),(464,27,0),(464,39,0),(464,69,0),(465,94,0),(466,20,0),(468,11,0),(468,70,0),(469,30,0),(470,12,0),(471,51,0),(472,68,0),(476,11,0),(477,28,0),(477,39,0),(477,85,0),(478,97,0),(478,98,0),(480,23,0),(480,37,0),(480,40,0),(482,15,0),(482,98,0),(483,4,0),(484,53,0),(484,90,0),(485,89,0),(487,86,0),(488,2,0),(488,75,0),(489,69,0),(489,91,0),(491,7,0),(491,93,0),(492,68,0),(493,95,0),(495,51,0),(495,99,0),(498,61,0),(498,62,0),(498,90,0),(499,53,0),(500,6,0),(500,67,0),(501,84,0),(502,73,0),(504,13,0),(504,19,0),(504,42,0),(504,75,0),(505,45,0),(505,60,0),(505,86,0),(506,14,0),(506,66,0),(506,78,0),(507,19,0),(508,80,0),(509,52,0),(509,74,0),(510,33,0),(512,50,0),(512,95,0),(513,23,0),(513,24,0),(513,50,0),(513,55,0),(514,51,0),(516,78,0),(517,91,0),(518,88,0),(518,90,0),(520,91,0),(521,46,0),(521,66,0),(521,84,0),(522,58,0),(523,2,0),(523,77,0),(523,86,0),(524,39,0),(526,12,0),(527,30,0),(530,16,0),(531,97,0),(532,18,0),(532,36,0),(536,30,0),(536,31,0),(538,52,0),(541,17,0),(541,51,0),(542,39,0),(542,89,0),(543,57,0),(543,99,0),(544,55,0),(545,77,0),(546,96,0),(547,73,0),(547,89,0),(548,24,0),(548,29,0),(548,35,0),(548,42,0),(548,83,0),(550,87,0),(550,93,0),(552,21,0),(554,61,0),(554,92,0),(555,8,0),(555,65,0),(555,74,0),(559,46,0),(560,91,0),(562,47,0),(563,43,0),(563,67,0),(565,31,0),(567,48,0),(568,33,0),(569,45,0),(570,2,0),(570,42,0),(571,58,0),(572,40,0),(575,67,0),(577,21,0),(577,65,0),(578,48,0),(579,24,0),(579,26,0),(579,32,0),(579,76,0),(579,94,0),(580,65,0),(581,80,0),(581,97,0),(585,21,0),(585,73,0),(586,70,0),(586,88,0),(589,14,0),(589,36,0),(590,59,0),(593,75,0),(593,97,0),(594,4,0),(595,16,0),(595,69,0),(596,50,0),(596,97,0),(597,54,0),(599,58,0),(600,45,0),(600,47,0),(600,62,0),(601,53,0),(602,85,0),(603,31,0),(603,55,0),(604,8,0),(607,2,0),(607,40,0),(608,19,0),(608,30,0),(610,5,0),(610,46,0),(610,52,0),(610,79,0),(611,80,0),(612,32,0),(614,28,0),(615,57,0),(617,8,0),(620,36,0),(621,21,0),(622,19,0),(623,25,0),(625,87,0),(627,48,0),(629,4,0),(629,12,0),(630,40,0),(630,44,0),(630,48,0),(630,51,0),(630,90,0),(631,60,0),(632,5,0),(632,81,0),(633,33,0),(633,98,0),(634,35,0),(634,48,0),(634,72,0),(634,96,0),(635,21,0),(635,95,0),(636,25,0),(638,88,0),(642,60,0),(644,64,0),(645,4,0),(645,99,0),(647,43,0),(651,1,0),(652,24,0),(653,61,0),(654,6,0),(654,50,0),(655,10,0),(657,21,0),(658,42,0),(661,16,0),(662,60,0),(663,33,0),(663,75,0),(664,32,0),(667,36,0),(668,54,0),(669,9,0),(669,41,0),(669,47,0),(669,90,0),(670,11,0),(671,54,0),(671,68,0),(671,69,0),(671,79,0),(672,7,0),(672,62,0),(672,98,0),(673,59,0),(673,66,0),(674,92,0),(676,23,0),(676,97,0),(677,12,0),(677,74,0),(677,79,0),(680,32,0),(683,4,0),(683,98,0),(684,20,0),(685,14,0),(685,83,0),(687,15,0),(688,63,0),(688,98,0),(690,34,0),(690,49,0),(691,1,0),(693,28,0),(693,79,0),(694,33,0),(694,70,0),(695,44,0),(696,12,0),(697,55,0),(698,68,0),(701,23,0),(701,80,0),(701,94,0),(702,12,0),(704,24,0),(704,39,0),(704,42,0),(704,59,0),(704,95,0),(705,38,0),(705,59,0),(706,34,0),(707,33,0),(708,5,0),(708,63,0),(710,23,0),(710,85,0),(711,36,0),(713,6,0),(713,41,0),(713,49,0),(714,20,0),(714,85,0),(715,47,0),(716,23,0),(716,90,0),(717,65,0),(717,96,0),(720,14,0),(721,10,0),(721,26,0),(723,77,0),(726,12,0),(726,19,0),(727,21,0),(728,85,0),(729,70,0),(730,35,0),(731,99,0),(732,1,0),(732,32,0),(732,37,0),(733,51,0),(735,95,0),(736,37,0),(736,60,0),(738,68,0),(738,95,0),(739,7,0),(741,61,0),(746,1,0),(746,62,0),(746,90,0),(747,16,0),(747,23,0),(747,66,0),(748,85,0),(749,36,0),(751,11,0),(751,37,0),(752,35,0),(752,91,0),(753,6,0),(753,62,0),(754,95,0),(755,34,0),(755,40,0),(756,32,0),(757,17,0),(758,9,0),(759,29,0),(762,35,0),(763,43,0),(763,85,0),(763,86,0),(763,90,0),(764,59,0),(766,96,0),(771,86,0),(772,43,0),(774,7,0),(774,80,0),(776,64,0),(777,24,0),(777,80,0),(781,45,0),(781,92,0),(782,31,0),(782,99,0),(783,89,0),(790,72,0),(791,7,0),(792,11,0),(792,31,0),(794,8,0),(794,51,0),(794,83,0),(796,88,0),(797,37,0),(798,26,0),(798,46,0),(799,85,0),(801,86,0),(802,44,0),(802,91,0),(804,81,0),(805,72,0),(806,49,0),(806,68,0),(807,37,0),(808,54,0),(808,60,0),(808,91,0),(810,98,0),(812,73,0),(813,53,0),(813,84,0),(814,71,0),(815,30,0),(817,63,0),(818,1,0),(818,15,0),(821,32,0),(822,68,0),(822,72,0),(825,17,0),(829,69,0),(830,45,0),(831,67,0),(831,96,0),(832,16,0),(833,5,0),(834,25,0),(836,89,0),(838,60,0),(839,13,0),(839,16,0),(841,5,0),(843,67,0),(844,92,0),(845,7,0),(845,20,0),(846,97,0),(848,27,0),(849,27,0),(849,39,0),(849,98,0),(852,12,0),(852,27,0),(852,91,0),(853,16,0),(853,78,0),(853,82,0),(853,89,0),(853,92,0),(854,64,0),(855,25,0),(855,82,0),(855,98,0),(856,48,0),(857,75,0),(858,26,0),(858,34,0),(858,70,0),(860,6,0),(860,65,0),(861,3,0),(861,23,0),(863,11,0),(864,46,0),(864,79,0),(865,59,0),(868,89,0),(869,33,0),(870,3,0),(870,78,0),(872,49,0),(872,62,0),(872,66,0),(873,5,0),(873,7,0),(874,56,0),(874,77,0),(875,77,0),(877,61,0),(878,81,0),(879,48,0),(880,64,0),(881,53,0),(882,16,0),(882,39,0),(882,50,0),(883,89,0),(884,10,0),(885,53,0),(886,27,0),(888,4,0),(890,67,0),(891,28,0),(891,84,0),(894,76,0),(897,3,0),(897,47,0),(897,49,0),(897,73,0),(898,51,0),(899,66,0),(900,27,0),(900,82,0),(901,41,0),(902,5,0),(902,37,0),(903,3,0),(906,63,0),(907,1,0),(907,26,0),(907,60,0),(908,23,0),(908,30,0),(909,34,0),(909,60,0),(910,29,0),(912,71,0),(914,72,0),(915,9,0),(915,17,0),(915,57,0),(915,69,0),(915,70,0),(915,90,0),(916,46,0),(917,36,0),(918,14,0),(919,44,0),(919,47,0),(919,61,0),(920,68,0),(921,84,0),(921,86,0),(922,44,0),(924,51,0),(925,94,0),(925,95,0),(926,100,0),(927,15,0),(927,63,0),(929,82,0),(931,41,0),(931,87,0),(932,88,0),(933,56,0),(933,61,0),(934,51,0),(934,98,0),(937,49,0),(937,79,0),(940,85,0),(942,94,0),(943,96,0),(945,58,0),(945,72,0),(946,89,0),(948,1,0),(948,81,0),(948,94,0),(949,1,0),(949,59,0),(950,89,0),(951,13,0),(952,15,0),(953,10,0),(953,17,0),(953,18,0),(953,29,0),(954,87,0),(959,28,0),(960,62,0),(961,18,0),(961,65,0),(961,74,0),(962,36,0),(963,18,0),(965,55,0),(965,61,0),(965,62,0),(965,83,0),(968,89,0),(971,9,0),(972,67,0),(973,57,0),(973,72,0),(974,11,0),(974,85,0),(975,13,0),(975,15,0),(975,24,0),(975,26,0),(975,47,0),(977,64,0),(977,67,0),(977,84,0),(979,69,0),(979,96,0),(980,98,0),(981,57,0),(982,25,0),(983,26,0),(983,27,0),(983,91,0),(984,22,0),(985,39,0),(986,66,0),(988,36,0),(989,30,0),(990,15,0),(990,42,0),(991,19,0),(991,30,0),(991,55,0),(991,59,0),(994,92,0),(995,6,0),(995,66,0),(995,99,0),(996,67,0),(998,80,0),(1001,3,0),(1001,100,0),(1002,60,0),(1002,99,0),(1003,67,0),(1004,9,0),(1005,84,0),(1007,3,0),(1007,98,0),(1008,43,0),(1008,73,0),(1009,71,0),(1010,28,0),(1011,67,0),(1011,94,0),(1012,91,0),(1013,85,0),(1014,96,0),(1016,20,0),(1018,80,0),(1019,2,0),(1021,4,0),(1021,88,0),(1024,30,0),(1024,83,0),(1027,32,0),(1028,28,0),(1030,67,0),(1033,5,0),(1033,61,0),(1034,65,0),(1035,78,0),(1036,50,0),(1036,76,0),(1036,93,0),(1038,66,0),(1038,79,0),(1039,73,0),(1040,17,0),(1041,26,0),(1042,16,0),(1042,23,0),(1042,61,0),(1043,3,0),(1047,29,0),(1047,57,0),(1047,59,0),(1048,21,0),(1049,56,0),(1049,92,0),(1050,10,0),(1051,35,0),(1053,45,0),(1055,43,0),(1056,12,0),(1056,57,0),(1057,60,0),(1063,45,0),(1063,57,0),(1066,63,0),(1067,21,0),(1070,15,0),(1071,12,0),(1072,47,0),(1072,63,0),(1073,38,0),(1076,83,0),(1077,44,0),(1084,83,0),(1085,18,0),(1085,53,0),(1088,64,0),(1088,71,0),(1089,49,0),(1090,28,0),(1090,64,0),(1093,69,0),(1093,80,0),(1094,12,0),(1095,93,0),(1096,79,0),(1097,31,0),(1097,96,0),(1100,1,0),(1101,50,0),(1102,4,0),(1102,36,0),(1104,12,0),(1104,21,0),(1106,69,0),(1109,37,0),(1110,36,0),(1111,58,0),(1113,64,0),(1114,63,0),(1114,100,0),(1115,3,0),(1115,54,0),(1116,32,0),(1116,48,0),(1116,78,0),(1117,21,0),(1117,74,0),(1118,6,0),(1119,23,0),(1119,29,0),(1119,63,0),(1120,28,0),(1121,40,0),(1122,66,0),(1122,86,0),(1124,79,0),(1125,53,0),(1126,76,0),(1127,56,0),(1127,79,0),(1129,55,0),(1130,73,0),(1131,49,0),(1131,58,0),(1133,52,0),(1133,79,0),(1134,43,0),(1134,45,0),(1135,4,0),(1135,38,0),(1140,51,0),(1142,23,0),(1143,35,0),(1143,48,0),(1143,56,0),(1145,37,0),(1145,70,0),(1147,99,0),(1149,9,0),(1150,14,0),(1150,41,0),(1150,80,0),(1151,28,0),(1152,33,0),(1152,58,0),(1153,15,0),(1154,82,0),(1155,10,0),(1155,45,0),(1157,80,0),(1157,83,0),(1158,38,0),(1158,74,0),(1160,21,0),(1161,30,0),(1162,35,0),(1163,76,0),(1164,14,0),(1165,38,0),(1166,35,0),(1167,55,0),(1168,50,0),(1170,68,0),(1171,26,0),(1171,78,0),(1173,71,0),(1176,28,0),(1177,79,0),(1179,97,0),(1182,55,0),(1182,59,0),(1182,85,0),(1182,88,0),(1183,97,0),(1186,27,0),(1186,42,0),(1188,3,0),(1189,59,0),(1191,50,0),(1191,54,0),(1191,91,0),(1191,97,0),(1192,28,0),(1194,19,0),(1194,65,0),(1196,56,0),(1197,38,0),(1197,95,0),(1198,8,0),(1198,15,0),(1199,18,0),(1199,19,0),(1199,26,0),(1200,32,0),(1201,1,0),(1201,7,0),(1201,90,0),(1202,51,0),(1205,81,0),(1205,88,0),(1206,84,0),(1208,72,0),(1209,5,0),(1209,24,0),(1209,29,0),(1211,56,0),(1211,75,0),(1214,46,0),(1214,89,0),(1215,55,0),(1216,43,0),(1218,47,0),(1218,91,0),(1219,39,0),(1222,7,0),(1222,90,0),(1223,25,0),(1225,91,0),(1226,35,0),(1229,90,0),(1230,46,0),(1232,97,0),(1234,59,0),(1235,50,0),(1236,14,0),(1236,84,0),(1238,18,0),(1238,80,0),(1239,35,0),(1240,62,0),(1241,67,0),(1241,82,0),(1242,8,0),(1242,18,0),(1242,86,0),(1242,95,0),(1244,16,0),(1246,61,0),(1246,64,0),(1247,82,0),(1247,95,0),(1248,82,0),(1248,89,0),(1248,93,0),(1249,68,0),(1251,34,0),(1251,36,0),(1251,42,0),(1252,97,0),(1255,6,0),(1255,75,0),(1257,46,0),(1257,47,0),(1258,70,0),(1259,4,0),(1264,58,0),(1264,59,0),(1265,61,0),(1265,79,0),(1266,65,0),(1268,38,0),(1268,100,0),(1269,34,0),(1270,6,0),(1270,57,0),(1270,73,0),(1271,48,0),(1275,54,0),(1279,99,0),(1282,24,0),(1284,26,0),(1284,40,0),(1284,52,0),(1285,56,0),(1285,63,0),(1289,48,0),(1290,22,0),(1290,53,0),(1290,81,0),(1290,83,0),(1290,94,0),(1291,41,0),(1291,64,0),(1294,98,0),(1295,44,0),(1296,39,0),(1298,67,0),(1299,64,0),(1299,73,0),(1301,29,0),(1301,47,0),(1301,93,0),(1303,41,0),(1303,68,0),(1304,56,0),(1305,49,0),(1306,25,0),(1307,65,0),(1307,72,0),(1308,1,0),(1308,65,0),(1309,65,0),(1309,67,0),(1310,54,0),(1311,58,0),(1311,65,0),(1312,18,0),(1313,37,0),(1314,45,0),(1316,25,0),(1316,35,0),(1318,21,0),(1318,77,0),(1319,43,0),(1319,48,0),(1319,65,0),(1319,95,0),(1320,60,0),(1320,62,0),(1320,93,0),(1321,63,0),(1321,80,0),(1322,55,0),(1323,98,0),(1325,18,0),(1326,17,0),(1326,92,0),(1329,13,0),(1329,33,0),(1330,39,0),(1332,82,0),(1334,7,0),(1334,55,0),(1335,23,0),(1337,8,0),(1337,59,0),(1337,99,0),(1338,46,0),(1339,24,0),(1340,55,0),(1340,96,0),(1341,22,0),(1341,49,0),(1345,45,0),(1346,47,0),(1346,53,0),(1347,68,0),(1347,75,0),(1348,22,0),(1349,40,0),(1351,75,0),(1352,11,0),(1354,30,0),(1354,37,0),(1354,39,0),(1354,67,0),(1355,23,0),(1358,35,0),(1359,30,0),(1359,34,0),(1360,7,0),(1360,22,0),(1360,33,0),(1362,59,0),(1362,60,0),(1363,85,0),(1366,5,0),(1367,19,0),(1368,24,0),(1370,91,0),(1371,70,0),(1372,21,0),(1373,2,0),(1375,20,0),(1375,88,0),(1377,76,0),(1378,17,0),(1379,3,0),(1379,54,0),(1379,55,0),(1380,30,0),(1381,100,0),(1382,3,0),(1383,97,0),(1384,5,0),(1384,62,0),(1385,95,0),(1385,100,0),(1386,83,0),(1386,99,0),(1387,77,0),(1388,33,0),(1389,97,0),(1391,87,0),(1391,99,0),(1392,55,0),(1393,83,0),(1393,92,0),(1394,33,0),(1395,6,0),(1395,40,0),(1395,41,0),(1396,88,0),(1397,31,0),(1397,75,0),(1398,31,0),(1398,54,0),(1402,85,0),(1403,1,0),(1403,21,0),(1403,50,0),(1404,76,0),(1404,89,0),(1406,75,0),(1406,82,0),(1409,84,0),(1410,4,0),(1410,18,0),(1410,82,0),(1411,11,0),(1411,13,0),(1412,22,0),(1417,52,0),(1417,53,0),(1417,57,0),(1418,21,0),(1420,90,0),(1421,50,0),(1424,75,0),(1426,13,0),(1426,23,0),(1426,68,0),(1428,32,0),(1428,50,0),(1429,7,0),(1429,85,0),(1431,77,0),(1433,16,0),(1433,77,0),(1435,51,0),(1436,59,0),(1437,33,0),(1439,54,0),(1439,96,0),(1440,32,0),(1440,100,0),(1442,49,0),(1443,1,0),(1445,30,0),(1449,45,0),(1449,73,0),(1450,17,0),(1450,21,0),(1450,84,0),(1451,41,0),(1454,42,0),(1455,95,0),(1456,27,0),(1457,45,0),(1459,54,0),(1462,91,0),(1463,41,0),(1464,4,0),(1464,9,0),(1464,26,0),(1466,81,0),(1468,8,0),(1468,82,0),(1470,61,0),(1472,4,0),(1473,5,0),(1475,11,0),(1476,35,0),(1477,65,0),(1477,71,0),(1477,86,0),(1478,6,0),(1478,9,0),(1480,76,0),(1482,86,0),(1487,81,0),(1488,51,0),(1488,58,0),(1489,64,0),(1489,78,0),(1490,61,0),(1491,15,0),(1493,86,0),(1497,45,0),(1497,61,0),(1498,29,0),(1498,99,0),(1499,88,0),(1499,94,0),(1500,26,0),(1500,47,0),(1500,53,0),(1500,98,0),(1501,33,0),(1501,84,0),(1504,43,0),(1505,6,0),(1505,57,0),(1505,61,0),(1507,6,0),(1507,46,0),(1508,99,0),(1511,71,0),(1516,40,0),(1516,96,0),(1517,3,0),(1517,20,0),(1517,25,0),(1517,63,0),(1519,3,0),(1519,22,0),(1519,62,0),(1520,56,0),(1524,12,0),(1524,59,0),(1524,81,0),(1526,1,0),(1526,11,0),(1526,91,0),(1527,28,0),(1528,68,0),(1529,33,0),(1529,63,0),(1529,74,0),(1530,45,0),(1532,9,0),(1536,39,0),(1536,46,0),(1536,68,0),(1537,15,0),(1538,9,0),(1538,42,0),(1539,88,0),(1540,88,0),(1541,36,0),(1541,37,0),(1543,91,0),(1544,23,0),(1545,18,0),(1546,52,0),(1549,22,0),(1549,24,0),(1550,18,0),(1550,31,0),(1550,60,0),(1553,99,0),(1556,89,0),(1557,27,0),(1558,66,0),(1558,93,0),(1559,4,0),(1559,42,0),(1559,64,0),(1561,91,0),(1562,15,0),(1563,4,0),(1563,20,0),(1563,45,0),(1563,80,0),(1564,55,0),(1565,29,0),(1565,89,0),(1566,25,0),(1566,63,0),(1569,36,0),(1571,14,0),(1571,63,0),(1571,94,0),(1573,53,0),(1573,67,0),(1573,71,0),(1574,33,0),(1575,19,0),(1576,74,0),(1578,26,0),(1581,31,0),(1584,46,0),(1584,62,0),(1585,92,0),(1586,45,0),(1586,80,0),(1587,1,0),(1587,25,0),(1587,84,0),(1587,96,0),(1588,97,0),(1589,30,0),(1589,64,0),(1590,31,0),(1590,80,0),(1593,25,0),(1595,61,0),(1595,69,0),(1595,81,0),(1598,52,0),(1598,53,0),(1603,78,0),(1604,58,0),(1606,66,0),(1609,20,0),(1609,39,0),(1609,43,0),(1609,69,0),(1610,83,0),(1611,89,0),(1612,9,0),(1613,40,0),(1615,20,0),(1615,33,0),(1615,36,0),(1615,93,0),(1616,24,0),(1616,65,0),(1619,26,0),(1619,57,0),(1619,61,0),(1619,63,0),(1620,9,0),(1620,13,0),(1622,12,0),(1624,49,0),(1625,45,0),(1627,41,0),(1627,62,0),(1628,85,0),(1629,100,0),(1630,33,0),(1631,67,0),(1631,78,0),(1634,9,0),(1635,27,0),(1636,16,0),(1636,20,0),(1637,78,0),(1639,41,0),(1641,19,0),(1641,41,0),(1641,62,0),(1642,22,0),(1643,71,0),(1645,86,0),(1646,35,0),(1646,64,0),(1647,40,0),(1647,95,0),(1648,43,0),(1649,74,0),(1650,15,0),(1652,11,0),(1652,50,0),(1653,48,0),(1654,30,0),(1654,33,0),(1655,90,0),(1655,91,0),(1656,81,0),(1658,19,0),(1659,5,0),(1659,73,0),(1660,42,0),(1661,71,0),(1662,53,0),(1663,13,0),(1663,62,0),(1663,77,0),(1664,88,0),(1665,39,0),(1665,42,0),(1666,3,0),(1667,32,0),(1668,42,0),(1669,67,0),(1669,75,0),(1669,79,0),(1670,68,0),(1674,19,0),(1676,1,0),(1679,28,0),(1679,48,0),(1679,89,0),(1680,6,0),(1683,97,0),(1684,88,0),(1684,100,0),(1687,76,0),(1689,36,0),(1690,34,0),(1693,43,0),(1695,5,0),(1697,84,0),(1698,76,0),(1699,49,0),(1703,38,0),(1703,83,0),(1704,81,0),(1705,91,0),(1708,43,0),(1708,44,0),(1710,12,0),(1710,87,0),(1710,93,0),(1712,30,0),(1714,6,0),(1714,80,0),(1715,13,0),(1715,83,0),(1716,73,0),(1716,84,0),(1717,80,0),(1718,33,0),(1718,57,0),(1720,35,0),(1722,35,0),(1722,45,0),(1722,100,0),(1723,37,0),(1723,71,0),(1724,94,0),(1725,58,0),(1728,93,0),(1730,12,0),(1730,75,0),(1733,61,0),(1734,100,0),(1735,3,0),(1736,39,0),(1736,50,0),(1736,75,0),(1737,45,0),(1737,56,0),(1738,47,0),(1738,63,0),(1738,88,0),(1739,83,0),(1740,83,0),(1741,45,0),(1742,80,0),(1745,46,0),(1748,67,0),(1749,87,0),(1751,58,0),(1752,34,0),(1752,66,0),(1754,44,0),(1756,39,0),(1756,45,0),(1757,62,0),(1758,18,0),(1758,48,0),(1761,37,0),(1762,38,0),(1763,11,0),(1766,9,0),(1767,23,0),(1767,38,0),(1768,9,0),(1770,8,0),(1773,90,0),(1775,4,0),(1775,25,0),(1775,36,0),(1775,66,0),(1776,24,0),(1777,90,0),(1777,100,0),(1778,29,0),(1778,33,0),(1780,3,0),(1780,15,0),(1780,39,0),(1781,47,0),(1783,10,0),(1785,19,0),(1786,24,0),(1786,85,0),(1788,2,0),(1789,59,0),(1791,66,0),(1791,81,0),(1792,1,0),(1792,36,0),(1792,49,0),(1792,97,0),(1793,79,0),(1794,84,0),(1796,69,0),(1796,89,0),(1796,94,0),(1797,23,0),(1798,20,0),(1800,38,0);
/*!40000 ALTER TABLE `eventcalendar` ENABLE KEYS */;
UNLOCK TABLES;
/*!50003 SET @saved_cs_client      = @@character_set_client */ ;
/*!50003 SET @saved_cs_results     = @@character_set_results */ ;
/*!50003 SET @saved_col_connection = @@collation_connection */ ;
/*!50003 SET character_set_client  = utf8 */ ;
/*!50003 SET character_set_results = utf8 */ ;
/*!50003 SET collation_connection  = utf8_general_ci */ ;
/*!50003 SET @saved_sql_mode       = @@sql_mode */ ;
/*!50003 SET sql_mode              = 'STRICT_TRANS_TABLES,STRICT_ALL_TABLES,NO_ZERO_IN_DATE,NO_ZERO_DATE,ALLOW_INVALID_DATES,ERROR_FOR_DIVISION_BY_ZERO,TRADITIONAL,NO_AUTO_CREATE_USER,NO_ENGINE_SUBSTITUTION' */ ;
DELIMITER ;;
/*!50003 CREATE*/ /*!50017 DEFINER=`root`@`localhost`*/ /*!50003 TRIGGER EventCalendar_del BEFORE DELETE ON EventCalendar
FOR EACH ROW
BEGIN
	CALL raise_application_error(-20001, "Records can not be deleted");
END */;;
DELIMITER ;
/*!50003 SET sql_mode              = @saved_sql_mode */ ;
/*!50003 SET character_set_client  = @saved_cs_client */ ;
/*!50003 SET character_set_results = @saved_cs_results */ ;
/*!50003 SET collation_connection  = @saved_col_connection */ ;

--
-- Table structure for table `eventfiles`
--

DROP TABLE IF EXISTS `eventfiles`;
/*!40101 SET @saved_cs_client     = @@character_set_client */;
/*!40101 SET character_set_client = utf8 */;
CREATE TABLE `eventfiles` (
  `EventId` int(11) NOT NULL,
  `FileId` int(11) NOT NULL,
  `Deleted` tinyint(1) NOT NULL DEFAULT '0',
  PRIMARY KEY (`EventId`,`FileId`),
  KEY `FileId_idx` (`FileId`),
  CONSTRAINT `eventfiles_ibfk_1` FOREIGN KEY (`EventId`) REFERENCES `eventn` (`EventId`) ON DELETE NO ACTION ON UPDATE NO ACTION,
  CONSTRAINT `eventfiles_ibfk_2` FOREIGN KEY (`FileId`) REFERENCES `files` (`FileId`) ON DELETE NO ACTION ON UPDATE NO ACTION
) ENGINE=InnoDB DEFAULT CHARSET=utf8;
/*!40101 SET character_set_client = @saved_cs_client */;

--
-- Dumping data for table `eventfiles`
--

LOCK TABLES `eventfiles` WRITE;
/*!40000 ALTER TABLE `eventfiles` DISABLE KEYS */;
INSERT INTO `eventfiles` VALUES (17,4,0),(338,7,0),(346,1,0),(986,8,0),(1118,5,0),(1274,6,0),(1298,4,0),(1322,2,0),(1428,3,0),(1510,9,0);
/*!40000 ALTER TABLE `eventfiles` ENABLE KEYS */;
UNLOCK TABLES;
/*!50003 SET @saved_cs_client      = @@character_set_client */ ;
/*!50003 SET @saved_cs_results     = @@character_set_results */ ;
/*!50003 SET @saved_col_connection = @@collation_connection */ ;
/*!50003 SET character_set_client  = utf8 */ ;
/*!50003 SET character_set_results = utf8 */ ;
/*!50003 SET collation_connection  = utf8_general_ci */ ;
/*!50003 SET @saved_sql_mode       = @@sql_mode */ ;
/*!50003 SET sql_mode              = 'STRICT_TRANS_TABLES,STRICT_ALL_TABLES,NO_ZERO_IN_DATE,NO_ZERO_DATE,ALLOW_INVALID_DATES,ERROR_FOR_DIVISION_BY_ZERO,TRADITIONAL,NO_AUTO_CREATE_USER,NO_ENGINE_SUBSTITUTION' */ ;
DELIMITER ;;
/*!50003 CREATE*/ /*!50017 DEFINER=`root`@`localhost`*/ /*!50003 TRIGGER eventfiles_del BEFORE DELETE ON eventfiles
FOR EACH ROW
BEGIN
	CALL raise_application_error(-20001, "Records can not be deleted");
END */;;
DELIMITER ;
/*!50003 SET sql_mode              = @saved_sql_mode */ ;
/*!50003 SET character_set_client  = @saved_cs_client */ ;
/*!50003 SET character_set_results = @saved_cs_results */ ;
/*!50003 SET collation_connection  = @saved_col_connection */ ;

--
-- Table structure for table `eventn`
--

DROP TABLE IF EXISTS `eventn`;
/*!40101 SET @saved_cs_client     = @@character_set_client */;
/*!40101 SET character_set_client = utf8 */;
CREATE TABLE `eventn` (
  `EventId` int(11) NOT NULL AUTO_INCREMENT,
  `Start` datetime NOT NULL,
  `End` datetime DEFAULT NULL,
  `Interval` char(1) DEFAULT NULL,
  `Terminatedate` char(1) DEFAULT NULL,
  `Deleted` tinyint(1) NOT NULL DEFAULT '0',
  PRIMARY KEY (`EventId`)
) ENGINE=InnoDB AUTO_INCREMENT=1801 DEFAULT CHARSET=utf8;
/*!40101 SET character_set_client = @saved_cs_client */;

--
-- Dumping data for table `eventn`
--

LOCK TABLES `eventn` WRITE;
/*!40000 ALTER TABLE `eventn` DISABLE KEYS */;
INSERT INTO `eventn` VALUES (1,'2017-09-17 00:00:00','2017-09-28 00:00:00',NULL,NULL,0),(2,'2019-01-22 00:00:00','2019-02-15 00:00:00',NULL,NULL,0),(3,'2019-02-27 00:00:00','2019-09-29 00:00:00',NULL,NULL,0),(4,'2018-06-29 00:00:00','2018-08-04 00:00:00',NULL,NULL,0),(5,'2019-09-23 00:00:00','2019-11-14 00:00:00',NULL,NULL,0),(6,'2017-06-25 00:00:00','2017-10-05 00:00:00',NULL,NULL,0),(7,'2018-11-18 00:00:00','2018-11-22 00:00:00',NULL,NULL,0),(8,'2017-01-11 00:00:00','2017-07-16 00:00:00',NULL,NULL,0),(9,'2017-10-26 00:00:00','2017-11-21 00:00:00',NULL,NULL,0),(10,'2019-09-03 00:00:00','2019-11-27 00:00:00',NULL,NULL,0),(11,'2017-03-11 00:00:00','2017-03-22 00:00:00',NULL,NULL,0),(12,'2019-10-02 00:00:00','2019-11-02 00:00:00',NULL,NULL,0),(13,'2018-08-15 00:00:00','2018-09-09 00:00:00',NULL,NULL,0),(14,'2017-04-04 00:00:00','2017-06-10 00:00:00',NULL,NULL,0),(15,'2018-09-03 00:00:00','2018-11-08 00:00:00',NULL,NULL,0),(16,'2018-10-17 00:00:00','2018-11-21 00:00:00',NULL,NULL,0),(17,'2017-11-02 00:00:00','2017-11-29 00:00:00',NULL,NULL,0),(18,'2019-01-03 00:00:00','2019-02-06 00:00:00',NULL,NULL,0),(19,'2017-05-20 00:00:00','2017-09-10 00:00:00',NULL,NULL,0),(20,'2018-08-25 00:00:00','2018-09-21 00:00:00',NULL,NULL,0),(21,'2019-06-13 00:00:00','2019-06-27 00:00:00',NULL,NULL,0),(22,'2017-10-26 00:00:00','2017-11-24 00:00:00',NULL,NULL,0),(23,'2017-09-17 00:00:00','2017-11-02 00:00:00',NULL,NULL,0),(24,'2019-04-06 00:00:00','2019-10-30 00:00:00',NULL,NULL,0),(25,'2017-07-24 00:00:00','2017-11-28 00:00:00',NULL,NULL,0),(26,'2019-01-01 00:00:00','2019-01-27 00:00:00',NULL,NULL,0),(27,'2017-04-02 00:00:00','2017-06-14 00:00:00',NULL,NULL,0),(28,'2017-02-05 00:00:00','2017-06-13 00:00:00',NULL,NULL,0),(29,'2018-06-14 00:00:00','2018-10-04 00:00:00',NULL,NULL,0),(30,'2017-03-26 00:00:00','2017-05-18 00:00:00',NULL,NULL,0),(31,'2019-06-18 00:00:00','2019-09-09 00:00:00',NULL,NULL,0),(32,'2017-05-28 00:00:00','2017-07-11 00:00:00',NULL,NULL,0),(33,'2019-02-12 00:00:00','2019-03-06 00:00:00',NULL,NULL,0),(34,'2019-07-04 00:00:00','2019-07-19 00:00:00',NULL,NULL,0),(35,'2019-07-08 00:00:00','2019-07-21 00:00:00',NULL,NULL,0),(36,'2017-01-22 00:00:00','2017-08-06 00:00:00',NULL,NULL,0),(37,'2018-09-01 00:00:00','2018-10-13 00:00:00',NULL,NULL,0),(38,'2017-07-25 00:00:00','2017-10-16 00:00:00',NULL,NULL,0),(39,'2018-02-16 00:00:00','2018-05-19 00:00:00',NULL,NULL,0),(40,'2018-04-19 00:00:00','2018-11-13 00:00:00',NULL,NULL,0),(41,'2017-05-17 00:00:00','2017-07-26 00:00:00',NULL,NULL,0),(42,'2019-09-23 00:00:00','2019-10-20 00:00:00',NULL,NULL,0),(43,'2019-10-12 00:00:00','2019-10-21 00:00:00',NULL,NULL,0),(44,'2018-02-21 00:00:00','2018-10-03 00:00:00',NULL,NULL,0),(45,'2018-03-19 00:00:00','2018-08-02 00:00:00',NULL,NULL,0),(46,'2018-02-02 00:00:00','2018-11-13 00:00:00',NULL,NULL,0),(47,'2019-01-09 00:00:00','2019-07-30 00:00:00',NULL,NULL,0),(48,'2017-04-26 00:00:00','2017-09-22 00:00:00',NULL,NULL,0),(49,'2019-07-07 00:00:00','2019-10-23 00:00:00',NULL,NULL,0),(50,'2019-02-12 00:00:00','2019-04-26 00:00:00',NULL,NULL,0),(51,'2018-06-24 00:00:00','2018-10-08 00:00:00',NULL,NULL,0),(52,'2017-08-08 00:00:00','2017-08-25 00:00:00',NULL,NULL,0),(53,'2018-01-29 00:00:00','2018-11-02 00:00:00',NULL,NULL,0),(54,'2019-10-08 00:00:00','2019-11-01 00:00:00',NULL,NULL,0),(55,'2017-09-15 00:00:00','2017-10-28 00:00:00',NULL,NULL,0),(56,'2019-08-18 00:00:00','2019-10-04 00:00:00',NULL,NULL,0),(57,'2017-04-27 00:00:00','2017-04-28 00:00:00',NULL,NULL,0),(58,'2018-06-21 00:00:00','2018-07-06 00:00:00',NULL,NULL,0),(59,'2017-03-16 00:00:00','2017-03-23 00:00:00',NULL,NULL,0),(60,'2017-07-04 00:00:00','2017-09-26 00:00:00',NULL,NULL,0),(61,'2017-05-19 00:00:00','2017-07-15 00:00:00',NULL,NULL,0),(62,'2017-06-28 00:00:00','2017-09-16 00:00:00',NULL,NULL,0),(63,'2019-04-11 00:00:00','2019-08-03 00:00:00',NULL,NULL,0),(64,'2017-06-25 00:00:00','2017-11-14 00:00:00',NULL,NULL,0),(65,'2017-10-15 00:00:00','2017-10-30 00:00:00',NULL,NULL,0),(66,'2019-03-02 00:00:00','2019-09-22 00:00:00',NULL,NULL,0),(67,'2017-06-29 00:00:00','2017-08-29 00:00:00',NULL,NULL,0),(68,'2019-02-08 00:00:00','2019-05-26 00:00:00',NULL,NULL,0),(69,'2018-08-13 00:00:00','2018-08-19 00:00:00',NULL,NULL,0),(70,'2017-07-24 00:00:00','2017-08-15 00:00:00',NULL,NULL,0),(71,'2017-02-12 00:00:00','2017-06-14 00:00:00',NULL,NULL,0),(72,'2018-02-05 00:00:00','2018-11-25 00:00:00',NULL,NULL,0),(73,'2017-09-27 00:00:00','2017-10-25 00:00:00',NULL,NULL,0),(74,'2018-11-04 00:00:00','2018-11-23 00:00:00',NULL,NULL,0),(75,'2018-01-14 00:00:00','2018-09-12 00:00:00',NULL,NULL,0),(76,'2019-04-26 00:00:00','2019-09-24 00:00:00',NULL,NULL,0),(77,'2018-01-13 00:00:00','2018-03-26 00:00:00',NULL,NULL,0),(78,'2017-03-04 00:00:00','2017-03-29 00:00:00',NULL,NULL,0),(79,'2017-03-22 00:00:00','2017-05-16 00:00:00',NULL,NULL,0),(80,'2019-06-04 00:00:00','2019-10-25 00:00:00',NULL,NULL,0),(81,'2019-02-02 00:00:00','2019-03-04 00:00:00',NULL,NULL,0),(82,'2018-05-12 00:00:00','2018-08-25 00:00:00',NULL,NULL,0),(83,'2018-06-07 00:00:00','2018-09-01 00:00:00',NULL,NULL,0),(84,'2018-02-06 00:00:00','2018-07-06 00:00:00',NULL,NULL,0),(85,'2017-04-12 00:00:00','2017-07-20 00:00:00',NULL,NULL,0),(86,'2018-11-26 00:00:00','2018-11-29 00:00:00',NULL,NULL,0),(87,'2017-07-02 00:00:00','2017-07-24 00:00:00',NULL,NULL,0),(88,'2017-09-14 00:00:00','2017-09-21 00:00:00',NULL,NULL,0),(89,'2018-05-12 00:00:00','2018-09-27 00:00:00',NULL,NULL,0),(90,'2019-02-06 00:00:00','2019-07-29 00:00:00',NULL,NULL,0),(91,'2018-09-24 00:00:00','2018-10-14 00:00:00',NULL,NULL,0),(92,'2018-08-28 00:00:00','2018-09-29 00:00:00',NULL,NULL,0),(93,'2019-04-22 00:00:00','2019-05-23 00:00:00',NULL,NULL,0),(94,'2019-09-16 00:00:00','2019-11-02 00:00:00',NULL,NULL,0),(95,'2019-02-09 00:00:00','2019-05-07 00:00:00',NULL,NULL,0),(96,'2017-03-19 00:00:00','2017-08-12 00:00:00',NULL,NULL,0),(97,'2019-06-03 00:00:00','2019-06-12 00:00:00',NULL,NULL,0),(98,'2019-05-15 00:00:00','2019-05-26 00:00:00',NULL,NULL,0),(99,'2018-06-29 00:00:00','2018-06-30 00:00:00',NULL,NULL,0),(100,'2019-10-28 00:00:00','2019-11-04 00:00:00',NULL,NULL,0),(101,'2019-08-07 00:00:00','2019-08-30 00:00:00',NULL,NULL,0),(102,'2019-06-21 00:00:00','2019-11-15 00:00:00',NULL,NULL,0),(103,'2017-05-26 00:00:00','2017-07-13 00:00:00',NULL,NULL,0),(104,'2018-08-18 00:00:00','2018-11-29 00:00:00',NULL,NULL,0),(105,'2017-04-07 00:00:00','2017-04-08 00:00:00',NULL,NULL,0),(106,'2018-04-26 00:00:00','2018-07-14 00:00:00',NULL,NULL,0),(107,'2018-08-22 00:00:00','2018-11-09 00:00:00',NULL,NULL,0),(108,'2019-02-03 00:00:00','2019-04-12 00:00:00',NULL,NULL,0),(109,'2018-04-15 00:00:00','2018-09-19 00:00:00',NULL,NULL,0),(110,'2017-07-23 00:00:00','2017-09-07 00:00:00',NULL,NULL,0),(111,'2019-06-09 00:00:00','2019-08-18 00:00:00',NULL,NULL,0),(112,'2017-02-19 00:00:00','2017-06-08 00:00:00',NULL,NULL,0),(113,'2018-03-30 00:00:00','2018-04-22 00:00:00',NULL,NULL,0),(114,'2019-03-05 00:00:00','2019-07-29 00:00:00',NULL,NULL,0),(115,'2017-04-02 00:00:00','2017-10-22 00:00:00',NULL,NULL,0),(116,'2019-07-26 00:00:00','2019-09-26 00:00:00',NULL,NULL,0),(117,'2018-10-24 00:00:00','2018-11-13 00:00:00',NULL,NULL,0),(118,'2018-02-19 00:00:00','2018-03-01 00:00:00',NULL,NULL,0),(119,'2018-01-11 00:00:00','2018-09-26 00:00:00',NULL,NULL,0),(120,'2019-08-01 00:00:00','2019-08-14 00:00:00',NULL,NULL,0),(121,'2017-04-11 00:00:00','2017-10-19 00:00:00',NULL,NULL,0),(122,'2018-10-28 00:00:00','2018-11-03 00:00:00',NULL,NULL,0),(123,'2017-03-13 00:00:00','2017-09-15 00:00:00',NULL,NULL,0),(124,'2019-02-17 00:00:00','2019-10-21 00:00:00',NULL,NULL,0),(125,'2019-03-27 00:00:00','2019-05-26 00:00:00',NULL,NULL,0),(126,'2018-02-05 00:00:00','2018-06-15 00:00:00',NULL,NULL,0),(127,'2019-11-03 00:00:00','2019-11-26 00:00:00',NULL,NULL,0),(128,'2018-02-23 00:00:00','2018-04-22 00:00:00',NULL,NULL,0),(129,'2019-06-10 00:00:00','2019-06-29 00:00:00',NULL,NULL,0),(130,'2018-04-16 00:00:00','2018-08-22 00:00:00',NULL,NULL,0),(131,'2017-05-05 00:00:00','2017-11-08 00:00:00',NULL,NULL,0),(132,'2017-07-02 00:00:00','2017-07-11 00:00:00',NULL,NULL,0),(133,'2017-10-09 00:00:00','2017-11-12 00:00:00',NULL,NULL,0),(134,'2018-03-26 00:00:00','2018-09-14 00:00:00',NULL,NULL,0),(135,'2017-03-28 00:00:00','2017-04-26 00:00:00',NULL,NULL,0),(136,'2019-03-24 00:00:00','2019-05-14 00:00:00',NULL,NULL,0),(137,'2017-01-06 00:00:00','2017-05-17 00:00:00',NULL,NULL,0),(138,'2017-04-21 00:00:00','2017-06-18 00:00:00',NULL,NULL,0),(139,'2017-01-07 00:00:00','2017-11-23 00:00:00',NULL,NULL,0),(140,'2018-03-11 00:00:00','2018-05-11 00:00:00',NULL,NULL,0),(141,'2018-06-09 00:00:00','2018-10-28 00:00:00',NULL,NULL,0),(142,'2019-02-02 00:00:00','2019-04-27 00:00:00',NULL,NULL,0),(143,'2017-09-23 00:00:00','2017-09-29 00:00:00',NULL,NULL,0),(144,'2018-04-03 00:00:00','2018-08-08 00:00:00',NULL,NULL,0),(145,'2017-10-25 00:00:00','2017-11-14 00:00:00',NULL,NULL,0),(146,'2019-03-28 00:00:00','2019-08-12 00:00:00',NULL,NULL,0),(147,'2019-08-30 00:00:00','2019-10-04 00:00:00',NULL,NULL,0),(148,'2018-11-25 00:00:00','2018-11-28 00:00:00',NULL,NULL,0),(149,'2018-11-27 00:00:00','2018-11-29 00:00:00',NULL,NULL,0),(150,'2019-11-16 00:00:00','2019-11-24 00:00:00',NULL,NULL,0),(151,'2017-03-29 00:00:00','2017-04-29 00:00:00',NULL,NULL,0),(152,'2018-03-15 00:00:00','2018-04-01 00:00:00',NULL,NULL,0),(153,'2017-10-24 00:00:00','2017-11-29 00:00:00',NULL,NULL,0),(154,'2018-07-12 00:00:00','2018-07-22 00:00:00',NULL,NULL,0),(155,'2019-08-15 00:00:00','2019-09-29 00:00:00',NULL,NULL,0),(156,'2018-09-10 00:00:00','2018-09-19 00:00:00',NULL,NULL,0),(157,'2018-04-04 00:00:00','2018-07-20 00:00:00',NULL,NULL,0),(158,'2018-04-04 00:00:00','2018-05-09 00:00:00',NULL,NULL,0),(159,'2019-08-24 00:00:00','2019-11-28 00:00:00',NULL,NULL,0),(160,'2019-06-03 00:00:00','2019-09-14 00:00:00',NULL,NULL,0),(161,'2017-11-13 00:00:00','2017-11-18 00:00:00',NULL,NULL,0),(162,'2017-05-10 00:00:00','2017-05-27 00:00:00',NULL,NULL,0),(163,'2019-02-02 00:00:00','2019-08-04 00:00:00',NULL,NULL,0),(164,'2019-02-21 00:00:00','2019-05-18 00:00:00',NULL,NULL,0),(165,'2018-11-05 00:00:00','2018-11-07 00:00:00',NULL,NULL,0),(166,'2018-01-09 00:00:00','2018-04-06 00:00:00',NULL,NULL,0),(167,'2017-09-01 00:00:00','2017-11-03 00:00:00',NULL,NULL,0),(168,'2019-09-20 00:00:00','2019-11-15 00:00:00',NULL,NULL,0),(169,'2018-03-24 00:00:00','2018-05-23 00:00:00',NULL,NULL,0),(170,'2018-09-17 00:00:00','2018-10-21 00:00:00',NULL,NULL,0),(171,'2019-11-18 00:00:00','2019-11-22 00:00:00',NULL,NULL,0),(172,'2018-08-07 00:00:00','2018-08-23 00:00:00',NULL,NULL,0),(173,'2019-01-25 00:00:00','2019-01-27 00:00:00',NULL,NULL,0),(174,'2019-02-13 00:00:00','2019-03-06 00:00:00',NULL,NULL,0),(175,'2017-04-06 00:00:00','2017-10-10 00:00:00',NULL,NULL,0),(176,'2017-08-10 00:00:00','2017-08-13 00:00:00',NULL,NULL,0),(177,'2018-07-20 00:00:00','2018-07-27 00:00:00',NULL,NULL,0),(178,'2019-10-28 00:00:00','2019-11-26 00:00:00',NULL,NULL,0),(179,'2019-11-07 00:00:00','2019-11-10 00:00:00',NULL,NULL,0),(180,'2017-03-26 00:00:00','2017-07-15 00:00:00',NULL,NULL,0),(181,'2017-09-24 00:00:00','2017-09-26 00:00:00',NULL,NULL,0),(182,'2018-10-15 00:00:00','2018-10-21 00:00:00',NULL,NULL,0),(183,'2017-05-28 00:00:00','2017-05-29 00:00:00',NULL,NULL,0),(184,'2018-08-17 00:00:00','2018-11-05 00:00:00',NULL,NULL,0),(185,'2018-06-06 00:00:00','2018-08-20 00:00:00',NULL,NULL,0),(186,'2017-01-01 00:00:00','2017-03-12 00:00:00',NULL,NULL,0),(187,'2019-11-16 00:00:00','2019-11-24 00:00:00',NULL,NULL,0),(188,'2018-04-04 00:00:00','2018-07-13 00:00:00',NULL,NULL,0),(189,'2017-01-09 00:00:00','2017-09-16 00:00:00',NULL,NULL,0),(190,'2019-01-04 00:00:00','2019-10-14 00:00:00',NULL,NULL,0),(191,'2017-05-26 00:00:00','2017-11-09 00:00:00',NULL,NULL,0),(192,'2017-01-16 00:00:00','2017-04-02 00:00:00',NULL,NULL,0),(193,'2017-11-08 00:00:00','2017-11-23 00:00:00',NULL,NULL,0),(194,'2017-05-17 00:00:00','2017-09-02 00:00:00',NULL,NULL,0),(195,'2017-02-12 00:00:00','2017-09-16 00:00:00',NULL,NULL,0),(196,'2018-01-04 00:00:00','2018-05-07 00:00:00',NULL,NULL,0),(197,'2019-11-10 00:00:00','2019-11-17 00:00:00',NULL,NULL,0),(198,'2017-11-03 00:00:00','2017-11-04 00:00:00',NULL,NULL,0),(199,'2017-08-10 00:00:00','2017-08-13 00:00:00',NULL,NULL,0),(200,'2017-04-22 00:00:00','2017-06-18 00:00:00',NULL,NULL,0),(201,'2017-01-09 00:00:00','2017-10-11 00:00:00',NULL,NULL,0),(202,'2017-09-06 00:00:00','2017-10-26 00:00:00',NULL,NULL,0),(203,'2019-10-16 00:00:00','2019-10-17 00:00:00',NULL,NULL,0),(204,'2017-03-02 00:00:00','2017-11-07 00:00:00',NULL,NULL,0),(205,'2019-07-30 00:00:00','2019-10-21 00:00:00',NULL,NULL,0),(206,'2018-02-01 00:00:00','2018-04-14 00:00:00',NULL,NULL,0),(207,'2017-07-09 00:00:00','2017-08-05 00:00:00',NULL,NULL,0),(208,'2017-06-03 00:00:00','2017-07-21 00:00:00',NULL,NULL,0),(209,'2019-04-25 00:00:00','2019-07-17 00:00:00',NULL,NULL,0),(210,'2018-04-24 00:00:00','2018-05-14 00:00:00',NULL,NULL,0),(211,'2018-03-28 00:00:00','2018-09-10 00:00:00',NULL,NULL,0),(212,'2017-03-18 00:00:00','2017-11-24 00:00:00',NULL,NULL,0),(213,'2019-09-21 00:00:00','2019-10-16 00:00:00',NULL,NULL,0),(214,'2018-01-03 00:00:00','2018-05-21 00:00:00',NULL,NULL,0),(215,'2019-07-02 00:00:00','2019-08-12 00:00:00',NULL,NULL,0),(216,'2017-03-10 00:00:00','2017-03-19 00:00:00',NULL,NULL,0),(217,'2017-09-10 00:00:00','2017-09-12 00:00:00',NULL,NULL,0),(218,'2019-10-25 00:00:00','2019-10-30 00:00:00',NULL,NULL,0),(219,'2019-03-27 00:00:00','2019-07-15 00:00:00',NULL,NULL,0),(220,'2018-11-14 00:00:00','2018-11-16 00:00:00',NULL,NULL,0),(221,'2017-09-01 00:00:00','2017-10-11 00:00:00',NULL,NULL,0),(222,'2019-04-15 00:00:00','2019-10-03 00:00:00',NULL,NULL,0),(223,'2017-05-15 00:00:00','2017-11-24 00:00:00',NULL,NULL,0),(224,'2017-08-08 00:00:00','2017-11-29 00:00:00',NULL,NULL,0),(225,'2018-06-26 00:00:00','2018-06-27 00:00:00',NULL,NULL,0),(226,'2018-11-27 00:00:00','2018-11-28 00:00:00',NULL,NULL,0),(227,'2019-02-08 00:00:00','2019-09-24 00:00:00',NULL,NULL,0),(228,'2019-03-22 00:00:00','2019-05-09 00:00:00',NULL,NULL,0),(229,'2018-07-14 00:00:00','2018-08-04 00:00:00',NULL,NULL,0),(230,'2018-10-14 00:00:00','2018-11-25 00:00:00',NULL,NULL,0),(231,'2017-10-07 00:00:00','2017-11-15 00:00:00',NULL,NULL,0),(232,'2018-03-21 00:00:00','2018-11-06 00:00:00',NULL,NULL,0),(233,'2018-02-12 00:00:00','2018-06-20 00:00:00',NULL,NULL,0),(234,'2017-01-06 00:00:00','2017-01-24 00:00:00',NULL,NULL,0),(235,'2017-01-14 00:00:00','2017-02-06 00:00:00',NULL,NULL,0),(236,'2019-08-27 00:00:00','2019-11-08 00:00:00',NULL,NULL,0),(237,'2017-03-24 00:00:00','2017-03-25 00:00:00',NULL,NULL,0),(238,'2017-03-03 00:00:00','2017-09-11 00:00:00',NULL,NULL,0),(239,'2017-10-19 00:00:00','2017-11-15 00:00:00',NULL,NULL,0),(240,'2018-06-08 00:00:00','2018-11-18 00:00:00',NULL,NULL,0),(241,'2018-02-20 00:00:00','2018-09-03 00:00:00',NULL,NULL,0),(242,'2019-04-07 00:00:00','2019-08-27 00:00:00',NULL,NULL,0),(243,'2017-05-09 00:00:00','2017-11-05 00:00:00',NULL,NULL,0),(244,'2017-01-20 00:00:00','2017-06-22 00:00:00',NULL,NULL,0),(245,'2018-05-01 00:00:00','2018-09-27 00:00:00',NULL,NULL,0),(246,'2017-11-05 00:00:00','2017-11-18 00:00:00',NULL,NULL,0),(247,'2018-05-22 00:00:00','2018-05-27 00:00:00',NULL,NULL,0),(248,'2018-10-21 00:00:00','2018-10-25 00:00:00',NULL,NULL,0),(249,'2017-05-16 00:00:00','2017-06-15 00:00:00',NULL,NULL,0),(250,'2018-10-15 00:00:00','2018-11-17 00:00:00',NULL,NULL,0),(251,'2018-09-02 00:00:00','2018-11-10 00:00:00',NULL,NULL,0),(252,'2018-04-23 00:00:00','2018-07-28 00:00:00',NULL,NULL,0),(253,'2019-02-10 00:00:00','2019-03-15 00:00:00',NULL,NULL,0),(254,'2017-06-28 00:00:00','2017-10-07 00:00:00',NULL,NULL,0),(255,'2017-07-14 00:00:00','2017-10-19 00:00:00',NULL,NULL,0),(256,'2017-07-24 00:00:00','2017-11-09 00:00:00',NULL,NULL,0),(257,'2019-09-16 00:00:00','2019-10-03 00:00:00',NULL,NULL,0),(258,'2017-04-28 00:00:00','2017-09-14 00:00:00',NULL,NULL,0),(259,'2018-01-19 00:00:00','2018-07-05 00:00:00',NULL,NULL,0),(260,'2019-11-15 00:00:00','2019-11-20 00:00:00',NULL,NULL,0),(261,'2017-09-20 00:00:00','2017-10-05 00:00:00',NULL,NULL,0),(262,'2018-10-28 00:00:00','2018-11-04 00:00:00',NULL,NULL,0),(263,'2019-07-20 00:00:00','2019-10-03 00:00:00',NULL,NULL,0),(264,'2017-03-28 00:00:00','2017-07-04 00:00:00',NULL,NULL,0),(265,'2017-01-11 00:00:00','2017-07-07 00:00:00',NULL,NULL,0),(266,'2018-11-09 00:00:00','2018-11-13 00:00:00',NULL,NULL,0),(267,'2017-09-03 00:00:00','2017-09-13 00:00:00',NULL,NULL,0),(268,'2017-09-03 00:00:00','2017-11-27 00:00:00',NULL,NULL,0),(269,'2019-11-11 00:00:00','2019-11-19 00:00:00',NULL,NULL,0),(270,'2017-03-04 00:00:00','2017-04-11 00:00:00',NULL,NULL,0),(271,'2019-03-28 00:00:00','2019-09-29 00:00:00',NULL,NULL,0),(272,'2019-10-09 00:00:00','2019-10-27 00:00:00',NULL,NULL,0),(273,'2018-02-09 00:00:00','2018-09-02 00:00:00',NULL,NULL,0),(274,'2018-09-28 00:00:00','2018-11-12 00:00:00',NULL,NULL,0),(275,'2017-05-15 00:00:00','2017-09-26 00:00:00',NULL,NULL,0),(276,'2018-03-18 00:00:00','2018-06-02 00:00:00',NULL,NULL,0),(277,'2019-11-03 00:00:00','2019-11-24 00:00:00',NULL,NULL,0),(278,'2018-05-02 00:00:00','2018-11-13 00:00:00',NULL,NULL,0),(279,'2018-01-09 00:00:00','2018-05-11 00:00:00',NULL,NULL,0),(280,'2018-09-02 00:00:00','2018-10-16 00:00:00',NULL,NULL,0),(281,'2018-06-29 00:00:00','2018-08-05 00:00:00',NULL,NULL,0),(282,'2017-03-17 00:00:00','2017-04-17 00:00:00',NULL,NULL,0),(283,'2019-08-16 00:00:00','2019-09-09 00:00:00',NULL,NULL,0),(284,'2019-09-08 00:00:00','2019-09-18 00:00:00',NULL,NULL,0),(285,'2017-11-03 00:00:00','2017-11-12 00:00:00',NULL,NULL,0),(286,'2017-08-26 00:00:00','2017-11-19 00:00:00',NULL,NULL,0),(287,'2019-09-05 00:00:00','2019-09-23 00:00:00',NULL,NULL,0),(288,'2017-02-21 00:00:00','2017-04-11 00:00:00',NULL,NULL,0),(289,'2018-11-11 00:00:00','2018-11-14 00:00:00',NULL,NULL,0),(290,'2018-10-22 00:00:00','2018-10-25 00:00:00',NULL,NULL,0),(291,'2017-03-25 00:00:00','2017-11-09 00:00:00',NULL,NULL,0),(292,'2019-09-13 00:00:00','2019-09-23 00:00:00',NULL,NULL,0),(293,'2019-11-14 00:00:00','2019-11-17 00:00:00',NULL,NULL,0),(294,'2017-07-18 00:00:00','2017-10-09 00:00:00',NULL,NULL,0),(295,'2017-02-17 00:00:00','2017-05-14 00:00:00',NULL,NULL,0),(296,'2019-05-17 00:00:00','2019-09-06 00:00:00',NULL,NULL,0),(297,'2019-03-20 00:00:00','2019-05-24 00:00:00',NULL,NULL,0),(298,'2019-10-08 00:00:00','2019-10-30 00:00:00',NULL,NULL,0),(299,'2018-05-27 00:00:00','2018-07-19 00:00:00',NULL,NULL,0),(300,'2018-06-15 00:00:00','2018-06-19 00:00:00',NULL,NULL,0),(301,'2018-02-09 00:00:00','2018-03-23 00:00:00',NULL,NULL,0),(302,'2019-07-26 00:00:00','2019-09-15 00:00:00',NULL,NULL,0),(303,'2017-02-26 00:00:00','2017-02-27 00:00:00',NULL,NULL,0),(304,'2017-05-19 00:00:00','2017-05-23 00:00:00',NULL,NULL,0),(305,'2017-05-28 00:00:00','2017-07-27 00:00:00',NULL,NULL,0),(306,'2017-05-28 00:00:00','2017-05-30 00:00:00',NULL,NULL,0),(307,'2017-09-17 00:00:00','2017-11-12 00:00:00',NULL,NULL,0),(308,'2019-09-08 00:00:00','2019-10-15 00:00:00',NULL,NULL,0),(309,'2018-06-16 00:00:00','2018-10-14 00:00:00',NULL,NULL,0),(310,'2019-06-09 00:00:00','2019-10-03 00:00:00',NULL,NULL,0),(311,'2017-07-18 00:00:00','2017-11-16 00:00:00',NULL,NULL,0),(312,'2019-06-19 00:00:00','2019-11-01 00:00:00',NULL,NULL,0),(313,'2017-07-28 00:00:00','2017-09-19 00:00:00',NULL,NULL,0),(314,'2019-02-27 00:00:00','2019-10-14 00:00:00',NULL,NULL,0),(315,'2019-09-14 00:00:00','2019-10-28 00:00:00',NULL,NULL,0),(316,'2017-06-29 00:00:00','2017-08-20 00:00:00',NULL,NULL,0),(317,'2017-07-14 00:00:00','2017-07-16 00:00:00',NULL,NULL,0),(318,'2018-04-08 00:00:00','2018-08-02 00:00:00',NULL,NULL,0),(319,'2017-08-21 00:00:00','2017-09-29 00:00:00',NULL,NULL,0),(320,'2019-08-01 00:00:00','2019-08-10 00:00:00',NULL,NULL,0),(321,'2017-02-08 00:00:00','2017-03-05 00:00:00',NULL,NULL,0),(322,'2018-10-21 00:00:00','2018-10-29 00:00:00',NULL,NULL,0),(323,'2018-04-08 00:00:00','2018-05-06 00:00:00',NULL,NULL,0),(324,'2017-10-14 00:00:00','2017-10-30 00:00:00',NULL,NULL,0),(325,'2019-06-08 00:00:00','2019-08-22 00:00:00',NULL,NULL,0),(326,'2018-04-13 00:00:00','2018-04-26 00:00:00',NULL,NULL,0),(327,'2019-08-13 00:00:00','2019-09-09 00:00:00',NULL,NULL,0),(328,'2019-01-24 00:00:00','2019-01-28 00:00:00',NULL,NULL,0),(329,'2018-08-13 00:00:00','2018-11-23 00:00:00',NULL,NULL,0),(330,'2019-01-21 00:00:00','2019-02-06 00:00:00',NULL,NULL,0),(331,'2019-01-02 00:00:00','2019-03-05 00:00:00',NULL,NULL,0),(332,'2019-07-24 00:00:00','2019-08-12 00:00:00',NULL,NULL,0),(333,'2019-11-06 00:00:00','2019-11-21 00:00:00',NULL,NULL,0),(334,'2017-09-01 00:00:00','2017-11-21 00:00:00',NULL,NULL,0),(335,'2017-06-10 00:00:00','2017-08-09 00:00:00',NULL,NULL,0),(336,'2019-05-10 00:00:00','2019-06-27 00:00:00',NULL,NULL,0),(337,'2018-04-04 00:00:00','2018-10-08 00:00:00',NULL,NULL,0),(338,'2017-06-17 00:00:00','2017-09-29 00:00:00',NULL,NULL,0),(339,'2019-08-03 00:00:00','2019-11-03 00:00:00',NULL,NULL,0),(340,'2018-06-15 00:00:00','2018-08-30 00:00:00',NULL,NULL,0),(341,'2019-04-27 00:00:00','2019-11-09 00:00:00',NULL,NULL,0),(342,'2017-10-22 00:00:00','2017-11-29 00:00:00',NULL,NULL,0),(343,'2019-06-18 00:00:00','2019-08-14 00:00:00',NULL,NULL,0),(344,'2017-05-05 00:00:00','2017-05-22 00:00:00',NULL,NULL,0),(345,'2017-06-27 00:00:00','2017-10-01 00:00:00',NULL,NULL,0),(346,'2018-06-03 00:00:00','2018-06-18 00:00:00',NULL,NULL,0),(347,'2017-05-12 00:00:00','2017-05-20 00:00:00',NULL,NULL,0),(348,'2019-09-01 00:00:00','2019-10-18 00:00:00',NULL,NULL,0),(349,'2018-05-29 00:00:00','2018-11-14 00:00:00',NULL,NULL,0),(350,'2017-06-08 00:00:00','2017-09-15 00:00:00',NULL,NULL,0),(351,'2019-09-26 00:00:00','2019-09-28 00:00:00',NULL,NULL,0),(352,'2017-11-15 00:00:00','2017-11-22 00:00:00',NULL,NULL,0),(353,'2017-08-02 00:00:00','2017-09-23 00:00:00',NULL,NULL,0),(354,'2017-02-09 00:00:00','2017-03-21 00:00:00',NULL,NULL,0),(355,'2018-08-17 00:00:00','2018-08-24 00:00:00',NULL,NULL,0),(356,'2019-07-25 00:00:00','2019-09-21 00:00:00',NULL,NULL,0),(357,'2017-04-22 00:00:00','2017-11-10 00:00:00',NULL,NULL,0),(358,'2017-08-25 00:00:00','2017-09-07 00:00:00',NULL,NULL,0),(359,'2019-08-23 00:00:00','2019-10-19 00:00:00',NULL,NULL,0),(360,'2018-08-18 00:00:00','2018-09-17 00:00:00',NULL,NULL,0),(361,'2017-03-01 00:00:00','2017-04-10 00:00:00',NULL,NULL,0),(362,'2017-05-03 00:00:00','2017-05-09 00:00:00',NULL,NULL,0),(363,'2017-04-19 00:00:00','2017-04-24 00:00:00',NULL,NULL,0),(364,'2018-05-27 00:00:00','2018-08-02 00:00:00',NULL,NULL,0),(365,'2019-02-22 00:00:00','2019-11-08 00:00:00',NULL,NULL,0),(366,'2017-08-24 00:00:00','2017-10-05 00:00:00',NULL,NULL,0),(367,'2017-04-06 00:00:00','2017-04-18 00:00:00',NULL,NULL,0),(368,'2019-01-09 00:00:00','2019-09-16 00:00:00',NULL,NULL,0),(369,'2017-08-02 00:00:00','2017-08-18 00:00:00',NULL,NULL,0),(370,'2018-03-09 00:00:00','2018-08-05 00:00:00',NULL,NULL,0),(371,'2018-08-25 00:00:00','2018-11-29 00:00:00',NULL,NULL,0),(372,'2019-04-12 00:00:00','2019-08-02 00:00:00',NULL,NULL,0),(373,'2019-10-04 00:00:00','2019-11-14 00:00:00',NULL,NULL,0),(374,'2018-04-09 00:00:00','2018-11-07 00:00:00',NULL,NULL,0),(375,'2018-09-19 00:00:00','2018-09-22 00:00:00',NULL,NULL,0),(376,'2017-09-18 00:00:00','2017-11-18 00:00:00',NULL,NULL,0),(377,'2019-10-22 00:00:00','2019-11-20 00:00:00',NULL,NULL,0),(378,'2018-11-01 00:00:00','2018-11-25 00:00:00',NULL,NULL,0),(379,'2017-04-14 00:00:00','2017-08-08 00:00:00',NULL,NULL,0),(380,'2019-05-17 00:00:00','2019-06-22 00:00:00',NULL,NULL,0),(381,'2018-04-09 00:00:00','2018-09-23 00:00:00',NULL,NULL,0),(382,'2017-06-15 00:00:00','2017-10-24 00:00:00',NULL,NULL,0),(383,'2017-09-24 00:00:00','2017-09-27 00:00:00',NULL,NULL,0),(384,'2018-08-19 00:00:00','2018-11-19 00:00:00',NULL,NULL,0),(385,'2019-01-25 00:00:00','2019-05-18 00:00:00',NULL,NULL,0),(386,'2019-09-14 00:00:00','2019-09-29 00:00:00',NULL,NULL,0),(387,'2018-06-20 00:00:00','2018-06-25 00:00:00',NULL,NULL,0),(388,'2017-01-03 00:00:00','2017-01-08 00:00:00',NULL,NULL,0),(389,'2019-07-12 00:00:00','2019-09-02 00:00:00',NULL,NULL,0),(390,'2018-08-15 00:00:00','2018-09-02 00:00:00',NULL,NULL,0),(391,'2019-09-27 00:00:00','2019-11-02 00:00:00',NULL,NULL,0),(392,'2018-10-24 00:00:00','2018-10-26 00:00:00',NULL,NULL,0),(393,'2017-09-21 00:00:00','2017-10-06 00:00:00',NULL,NULL,0),(394,'2019-09-16 00:00:00','2019-09-28 00:00:00',NULL,NULL,0),(395,'2019-02-04 00:00:00','2019-11-27 00:00:00',NULL,NULL,0),(396,'2017-03-14 00:00:00','2017-11-27 00:00:00',NULL,NULL,0),(397,'2018-10-05 00:00:00','2018-11-28 00:00:00',NULL,NULL,0),(398,'2017-08-13 00:00:00','2017-11-05 00:00:00',NULL,NULL,0),(399,'2019-06-02 00:00:00','2019-08-13 00:00:00',NULL,NULL,0),(400,'2017-03-30 00:00:00','2017-05-07 00:00:00',NULL,NULL,0),(401,'2018-07-05 00:00:00','2018-07-14 00:00:00',NULL,NULL,0),(402,'2018-03-14 00:00:00','2018-03-15 00:00:00',NULL,NULL,0),(403,'2018-04-17 00:00:00','2018-05-17 00:00:00',NULL,NULL,0),(404,'2017-03-06 00:00:00','2017-11-18 00:00:00',NULL,NULL,0),(405,'2017-02-15 00:00:00','2017-03-15 00:00:00',NULL,NULL,0),(406,'2019-04-27 00:00:00','2019-06-17 00:00:00',NULL,NULL,0),(407,'2019-04-17 00:00:00','2019-11-02 00:00:00',NULL,NULL,0),(408,'2019-09-07 00:00:00','2019-11-17 00:00:00',NULL,NULL,0),(409,'2018-01-20 00:00:00','2018-04-02 00:00:00',NULL,NULL,0),(410,'2018-11-15 00:00:00','2018-11-26 00:00:00',NULL,NULL,0),(411,'2018-09-25 00:00:00','2018-11-27 00:00:00',NULL,NULL,0),(412,'2018-04-02 00:00:00','2018-10-04 00:00:00',NULL,NULL,0),(413,'2019-01-02 00:00:00','2019-04-21 00:00:00',NULL,NULL,0),(414,'2017-08-13 00:00:00','2017-09-17 00:00:00',NULL,NULL,0),(415,'2019-03-09 00:00:00','2019-11-28 00:00:00',NULL,NULL,0),(416,'2019-04-29 00:00:00','2019-05-09 00:00:00',NULL,NULL,0),(417,'2017-09-12 00:00:00','2017-10-28 00:00:00',NULL,NULL,0),(418,'2018-04-19 00:00:00','2018-04-24 00:00:00',NULL,NULL,0),(419,'2019-06-04 00:00:00','2019-11-09 00:00:00',NULL,NULL,0),(420,'2017-08-21 00:00:00','2017-11-27 00:00:00',NULL,NULL,0),(421,'2018-08-06 00:00:00','2018-09-04 00:00:00',NULL,NULL,0),(422,'2019-10-09 00:00:00','2019-11-26 00:00:00',NULL,NULL,0),(423,'2018-10-11 00:00:00','2018-10-26 00:00:00',NULL,NULL,0),(424,'2017-08-28 00:00:00','2017-09-13 00:00:00',NULL,NULL,0),(425,'2018-09-08 00:00:00','2018-09-29 00:00:00',NULL,NULL,0),(426,'2018-01-30 00:00:00','2018-05-30 00:00:00',NULL,NULL,0),(427,'2018-07-04 00:00:00','2018-11-09 00:00:00',NULL,NULL,0),(428,'2019-06-21 00:00:00','2019-10-10 00:00:00',NULL,NULL,0),(429,'2017-01-18 00:00:00','2017-03-26 00:00:00',NULL,NULL,0),(430,'2018-03-23 00:00:00','2018-08-05 00:00:00',NULL,NULL,0),(431,'2018-09-16 00:00:00','2018-09-20 00:00:00',NULL,NULL,0),(432,'2019-07-26 00:00:00','2019-11-16 00:00:00',NULL,NULL,0),(433,'2019-08-04 00:00:00','2019-10-05 00:00:00',NULL,NULL,0),(434,'2018-09-11 00:00:00','2018-09-19 00:00:00',NULL,NULL,0),(435,'2018-09-29 00:00:00','2018-09-30 00:00:00',NULL,NULL,0),(436,'2018-06-03 00:00:00','2018-09-01 00:00:00',NULL,NULL,0),(437,'2017-09-19 00:00:00','2017-09-26 00:00:00',NULL,NULL,0),(438,'2017-08-04 00:00:00','2017-10-01 00:00:00',NULL,NULL,0),(439,'2019-10-30 00:00:00','2019-11-07 00:00:00',NULL,NULL,0),(440,'2019-05-23 00:00:00','2019-08-18 00:00:00',NULL,NULL,0),(441,'2017-09-06 00:00:00','2017-11-07 00:00:00',NULL,NULL,0),(442,'2018-02-15 00:00:00','2018-02-22 00:00:00',NULL,NULL,0),(443,'2018-01-11 00:00:00','2018-02-25 00:00:00',NULL,NULL,0),(444,'2019-07-20 00:00:00','2019-10-26 00:00:00',NULL,NULL,0),(445,'2019-03-06 00:00:00','2019-04-24 00:00:00',NULL,NULL,0),(446,'2018-11-22 00:00:00','2018-11-27 00:00:00',NULL,NULL,0),(447,'2017-03-02 00:00:00','2017-08-22 00:00:00',NULL,NULL,0),(448,'2018-10-03 00:00:00','2018-11-01 00:00:00',NULL,NULL,0),(449,'2017-07-23 00:00:00','2017-11-04 00:00:00',NULL,NULL,0),(450,'2019-07-17 00:00:00','2019-11-25 00:00:00',NULL,NULL,0),(451,'2018-09-21 00:00:00','2018-09-22 00:00:00',NULL,NULL,0),(452,'2018-06-08 00:00:00','2018-11-18 00:00:00',NULL,NULL,0),(453,'2017-07-12 00:00:00','2017-07-13 00:00:00',NULL,NULL,0),(454,'2019-10-23 00:00:00','2019-10-30 00:00:00',NULL,NULL,0),(455,'2018-09-22 00:00:00','2018-11-29 00:00:00',NULL,NULL,0),(456,'2017-09-16 00:00:00','2017-09-27 00:00:00',NULL,NULL,0),(457,'2019-01-23 00:00:00','2019-08-15 00:00:00',NULL,NULL,0),(458,'2018-08-24 00:00:00','2018-11-19 00:00:00',NULL,NULL,0),(459,'2017-08-19 00:00:00','2017-09-07 00:00:00',NULL,NULL,0),(460,'2018-04-12 00:00:00','2018-06-05 00:00:00',NULL,NULL,0),(461,'2019-01-04 00:00:00','2019-02-01 00:00:00',NULL,NULL,0),(462,'2018-10-05 00:00:00','2018-10-29 00:00:00',NULL,NULL,0),(463,'2019-01-27 00:00:00','2019-11-25 00:00:00',NULL,NULL,0),(464,'2018-06-24 00:00:00','2018-07-02 00:00:00',NULL,NULL,0),(465,'2018-01-13 00:00:00','2018-02-13 00:00:00',NULL,NULL,0),(466,'2018-08-06 00:00:00','2018-08-11 00:00:00',NULL,NULL,0),(467,'2017-10-03 00:00:00','2017-11-09 00:00:00',NULL,NULL,0),(468,'2018-08-02 00:00:00','2018-11-04 00:00:00',NULL,NULL,0),(469,'2017-06-11 00:00:00','2017-10-10 00:00:00',NULL,NULL,0),(470,'2019-11-16 00:00:00','2019-11-22 00:00:00',NULL,NULL,0),(471,'2018-04-28 00:00:00','2018-10-03 00:00:00',NULL,NULL,0),(472,'2018-01-08 00:00:00','2018-01-10 00:00:00',NULL,NULL,0),(473,'2018-05-25 00:00:00','2018-05-26 00:00:00',NULL,NULL,0),(474,'2018-04-09 00:00:00','2018-04-25 00:00:00',NULL,NULL,0),(475,'2019-10-30 00:00:00','2019-11-12 00:00:00',NULL,NULL,0),(476,'2017-06-01 00:00:00','2017-08-02 00:00:00',NULL,NULL,0),(477,'2018-11-13 00:00:00','2018-11-19 00:00:00',NULL,NULL,0),(478,'2019-04-27 00:00:00','2019-05-02 00:00:00',NULL,NULL,0),(479,'2018-04-27 00:00:00','2018-07-28 00:00:00',NULL,NULL,0),(480,'2019-04-29 00:00:00','2019-07-25 00:00:00',NULL,NULL,0),(481,'2018-05-21 00:00:00','2018-11-13 00:00:00',NULL,NULL,0),(482,'2017-01-17 00:00:00','2017-10-11 00:00:00',NULL,NULL,0),(483,'2017-08-25 00:00:00','2017-08-30 00:00:00',NULL,NULL,0),(484,'2019-11-01 00:00:00','2019-11-19 00:00:00',NULL,NULL,0),(485,'2018-01-04 00:00:00','2018-07-04 00:00:00',NULL,NULL,0),(486,'2018-07-01 00:00:00','2018-08-03 00:00:00',NULL,NULL,0),(487,'2019-07-25 00:00:00','2019-08-02 00:00:00',NULL,NULL,0),(488,'2019-08-29 00:00:00','2019-10-03 00:00:00',NULL,NULL,0),(489,'2017-04-02 00:00:00','2017-06-17 00:00:00',NULL,NULL,0),(490,'2019-04-08 00:00:00','2019-07-24 00:00:00',NULL,NULL,0),(491,'2017-05-30 00:00:00','2017-05-31 00:00:00',NULL,NULL,0),(492,'2017-09-03 00:00:00','2017-10-27 00:00:00',NULL,NULL,0),(493,'2018-03-15 00:00:00','2018-06-28 00:00:00',NULL,NULL,0),(494,'2017-02-14 00:00:00','2017-05-09 00:00:00',NULL,NULL,0),(495,'2018-08-03 00:00:00','2018-09-23 00:00:00',NULL,NULL,0),(496,'2018-08-01 00:00:00','2018-08-11 00:00:00',NULL,NULL,0),(497,'2019-06-28 00:00:00','2019-09-04 00:00:00',NULL,NULL,0),(498,'2019-08-25 00:00:00','2019-10-24 00:00:00',NULL,NULL,0),(499,'2019-06-17 00:00:00','2019-10-08 00:00:00',NULL,NULL,0),(500,'2017-07-03 00:00:00','2017-10-23 00:00:00',NULL,NULL,0),(501,'2019-09-05 00:00:00','2019-09-18 00:00:00',NULL,NULL,0),(502,'2018-05-10 00:00:00','2018-10-20 00:00:00',NULL,NULL,0),(503,'2017-10-06 00:00:00','2017-11-27 00:00:00',NULL,NULL,0),(504,'2019-04-21 00:00:00','2019-06-14 00:00:00',NULL,NULL,0),(505,'2019-09-06 00:00:00','2019-09-25 00:00:00',NULL,NULL,0),(506,'2018-08-16 00:00:00','2018-11-01 00:00:00',NULL,NULL,0),(507,'2019-06-12 00:00:00','2019-06-19 00:00:00',NULL,NULL,0),(508,'2019-11-07 00:00:00','2019-11-18 00:00:00',NULL,NULL,0),(509,'2019-11-21 00:00:00','2019-11-27 00:00:00',NULL,NULL,0),(510,'2018-09-18 00:00:00','2018-09-25 00:00:00',NULL,NULL,0),(511,'2019-01-25 00:00:00','2019-01-28 00:00:00',NULL,NULL,0),(512,'2018-05-19 00:00:00','2018-06-09 00:00:00',NULL,NULL,0),(513,'2017-10-30 00:00:00','2017-10-31 00:00:00',NULL,NULL,0),(514,'2017-01-20 00:00:00','2017-11-18 00:00:00',NULL,NULL,0),(515,'2019-02-06 00:00:00','2019-03-01 00:00:00',NULL,NULL,0),(516,'2018-11-06 00:00:00','2018-11-17 00:00:00',NULL,NULL,0),(517,'2018-02-11 00:00:00','2018-10-12 00:00:00',NULL,NULL,0),(518,'2017-06-02 00:00:00','2017-07-28 00:00:00',NULL,NULL,0),(519,'2018-03-29 00:00:00','2018-11-10 00:00:00',NULL,NULL,0),(520,'2018-11-04 00:00:00','2018-11-19 00:00:00',NULL,NULL,0),(521,'2019-08-12 00:00:00','2019-09-27 00:00:00',NULL,NULL,0),(522,'2017-05-17 00:00:00','2017-11-07 00:00:00',NULL,NULL,0),(523,'2019-08-09 00:00:00','2019-08-13 00:00:00',NULL,NULL,0),(524,'2017-05-12 00:00:00','2017-08-25 00:00:00',NULL,NULL,0),(525,'2018-10-22 00:00:00','2018-11-29 00:00:00',NULL,NULL,0),(526,'2017-01-21 00:00:00','2017-05-20 00:00:00',NULL,NULL,0),(527,'2019-06-29 00:00:00','2019-11-13 00:00:00',NULL,NULL,0),(528,'2018-01-14 00:00:00','2018-05-11 00:00:00',NULL,NULL,0),(529,'2017-08-16 00:00:00','2017-11-05 00:00:00',NULL,NULL,0),(530,'2019-07-26 00:00:00','2019-07-30 00:00:00',NULL,NULL,0),(531,'2018-07-30 00:00:00','2018-07-31 00:00:00',NULL,NULL,0),(532,'2018-03-04 00:00:00','2018-09-14 00:00:00',NULL,NULL,0),(533,'2019-03-22 00:00:00','2019-10-18 00:00:00',NULL,NULL,0),(534,'2018-09-10 00:00:00','2018-09-19 00:00:00',NULL,NULL,0),(535,'2017-04-23 00:00:00','2017-07-26 00:00:00',NULL,NULL,0),(536,'2017-04-04 00:00:00','2017-10-19 00:00:00',NULL,NULL,0),(537,'2017-02-07 00:00:00','2017-06-13 00:00:00',NULL,NULL,0),(538,'2019-04-17 00:00:00','2019-10-13 00:00:00',NULL,NULL,0),(539,'2017-08-17 00:00:00','2017-08-30 00:00:00',NULL,NULL,0),(540,'2019-07-18 00:00:00','2019-08-18 00:00:00',NULL,NULL,0),(541,'2019-08-16 00:00:00','2019-09-15 00:00:00',NULL,NULL,0),(542,'2018-02-26 00:00:00','2018-06-05 00:00:00',NULL,NULL,0),(543,'2019-02-11 00:00:00','2019-04-01 00:00:00',NULL,NULL,0),(544,'2017-09-18 00:00:00','2017-11-29 00:00:00',NULL,NULL,0),(545,'2018-06-12 00:00:00','2018-06-28 00:00:00',NULL,NULL,0),(546,'2019-04-03 00:00:00','2019-06-02 00:00:00',NULL,NULL,0),(547,'2017-10-15 00:00:00','2017-10-28 00:00:00',NULL,NULL,0),(548,'2018-11-21 00:00:00','2018-11-25 00:00:00',NULL,NULL,0),(549,'2019-05-25 00:00:00','2019-05-29 00:00:00',NULL,NULL,0),(550,'2018-11-20 00:00:00','2018-11-21 00:00:00',NULL,NULL,0),(551,'2019-07-26 00:00:00','2019-10-24 00:00:00',NULL,NULL,0),(552,'2017-02-19 00:00:00','2017-09-27 00:00:00',NULL,NULL,0),(553,'2017-06-16 00:00:00','2017-09-14 00:00:00',NULL,NULL,0),(554,'2017-09-27 00:00:00','2017-11-16 00:00:00',NULL,NULL,0),(555,'2019-09-29 00:00:00','2019-10-23 00:00:00',NULL,NULL,0),(556,'2017-07-24 00:00:00','2017-11-15 00:00:00',NULL,NULL,0),(557,'2019-09-14 00:00:00','2019-11-15 00:00:00',NULL,NULL,0),(558,'2019-01-30 00:00:00','2019-07-15 00:00:00',NULL,NULL,0),(559,'2019-01-18 00:00:00','2019-03-19 00:00:00',NULL,NULL,0),(560,'2019-02-05 00:00:00','2019-03-08 00:00:00',NULL,NULL,0),(561,'2018-04-09 00:00:00','2018-06-06 00:00:00',NULL,NULL,0),(562,'2017-01-01 00:00:00','2017-11-19 00:00:00',NULL,NULL,0),(563,'2017-09-15 00:00:00','2017-10-08 00:00:00',NULL,NULL,0),(564,'2018-01-09 00:00:00','2018-10-16 00:00:00',NULL,NULL,0),(565,'2019-01-03 00:00:00','2019-01-07 00:00:00',NULL,NULL,0),(566,'2019-08-23 00:00:00','2019-09-17 00:00:00',NULL,NULL,0),(567,'2019-04-26 00:00:00','2019-05-10 00:00:00',NULL,NULL,0),(568,'2019-09-15 00:00:00','2019-09-17 00:00:00',NULL,NULL,0),(569,'2018-07-10 00:00:00','2018-09-29 00:00:00',NULL,NULL,0),(570,'2019-01-08 00:00:00','2019-06-23 00:00:00',NULL,NULL,0),(571,'2017-02-14 00:00:00','2017-09-18 00:00:00',NULL,NULL,0),(572,'2018-07-17 00:00:00','2018-07-20 00:00:00',NULL,NULL,0),(573,'2018-10-14 00:00:00','2018-11-13 00:00:00',NULL,NULL,0),(574,'2017-11-21 00:00:00','2017-11-26 00:00:00',NULL,NULL,0),(575,'2019-01-26 00:00:00','2019-04-21 00:00:00',NULL,NULL,0),(576,'2018-05-13 00:00:00','2018-05-23 00:00:00',NULL,NULL,0),(577,'2018-07-17 00:00:00','2018-09-14 00:00:00',NULL,NULL,0),(578,'2018-03-21 00:00:00','2018-09-11 00:00:00',NULL,NULL,0),(579,'2018-10-07 00:00:00','2018-10-20 00:00:00',NULL,NULL,0),(580,'2017-10-26 00:00:00','2017-10-30 00:00:00',NULL,NULL,0),(581,'2018-04-02 00:00:00','2018-09-17 00:00:00',NULL,NULL,0),(582,'2019-07-29 00:00:00','2019-11-03 00:00:00',NULL,NULL,0),(583,'2018-05-15 00:00:00','2018-11-06 00:00:00',NULL,NULL,0),(584,'2019-11-24 00:00:00','2019-11-28 00:00:00',NULL,NULL,0),(585,'2019-09-20 00:00:00','2019-10-24 00:00:00',NULL,NULL,0),(586,'2018-09-19 00:00:00','2018-09-23 00:00:00',NULL,NULL,0),(587,'2019-08-22 00:00:00','2019-10-30 00:00:00',NULL,NULL,0),(588,'2019-08-01 00:00:00','2019-08-17 00:00:00',NULL,NULL,0),(589,'2019-08-13 00:00:00','2019-11-11 00:00:00',NULL,NULL,0),(590,'2019-05-07 00:00:00','2019-06-24 00:00:00',NULL,NULL,0),(591,'2018-10-01 00:00:00','2018-10-04 00:00:00',NULL,NULL,0),(592,'2019-03-10 00:00:00','2019-08-12 00:00:00',NULL,NULL,0),(593,'2018-04-01 00:00:00','2018-04-28 00:00:00',NULL,NULL,0),(594,'2019-09-16 00:00:00','2019-11-02 00:00:00',NULL,NULL,0),(595,'2017-03-22 00:00:00','2017-06-22 00:00:00',NULL,NULL,0),(596,'2018-08-30 00:00:00','2018-11-16 00:00:00',NULL,NULL,0),(597,'2017-05-24 00:00:00','2017-06-19 00:00:00',NULL,NULL,0),(598,'2018-05-17 00:00:00','2018-11-16 00:00:00',NULL,NULL,0),(599,'2019-02-02 00:00:00','2019-02-23 00:00:00',NULL,NULL,0),(600,'2018-04-14 00:00:00','2018-09-02 00:00:00',NULL,NULL,0),(601,'2017-10-03 00:00:00','2017-10-10 00:00:00',NULL,NULL,0),(602,'2017-07-20 00:00:00','2017-07-29 00:00:00',NULL,NULL,0),(603,'2017-08-10 00:00:00','2017-09-02 00:00:00',NULL,NULL,0),(604,'2017-07-27 00:00:00','2017-11-13 00:00:00',NULL,NULL,0),(605,'2018-10-03 00:00:00','2018-11-16 00:00:00',NULL,NULL,0),(606,'2019-10-21 00:00:00','2019-11-11 00:00:00',NULL,NULL,0),(607,'2017-07-04 00:00:00','2017-11-17 00:00:00',NULL,NULL,0),(608,'2017-03-14 00:00:00','2017-10-30 00:00:00',NULL,NULL,0),(609,'2017-03-24 00:00:00','2017-10-25 00:00:00',NULL,NULL,0),(610,'2018-05-19 00:00:00','2018-09-24 00:00:00',NULL,NULL,0),(611,'2019-09-19 00:00:00','2019-10-18 00:00:00',NULL,NULL,0),(612,'2019-02-01 00:00:00','2019-10-16 00:00:00',NULL,NULL,0),(613,'2017-09-01 00:00:00','2017-10-16 00:00:00',NULL,NULL,0),(614,'2017-04-26 00:00:00','2017-06-23 00:00:00',NULL,NULL,0),(615,'2017-09-28 00:00:00','2017-11-06 00:00:00',NULL,NULL,0),(616,'2019-08-14 00:00:00','2019-09-04 00:00:00',NULL,NULL,0),(617,'2018-07-10 00:00:00','2018-07-21 00:00:00',NULL,NULL,0),(618,'2019-02-12 00:00:00','2019-07-08 00:00:00',NULL,NULL,0),(619,'2017-08-05 00:00:00','2017-08-27 00:00:00',NULL,NULL,0),(620,'2019-06-13 00:00:00','2019-10-11 00:00:00',NULL,NULL,0),(621,'2017-04-11 00:00:00','2017-07-13 00:00:00',NULL,NULL,0),(622,'2019-09-21 00:00:00','2019-09-25 00:00:00',NULL,NULL,0),(623,'2017-09-06 00:00:00','2017-09-12 00:00:00',NULL,NULL,0),(624,'2018-09-15 00:00:00','2018-11-05 00:00:00',NULL,NULL,0),(625,'2018-10-30 00:00:00','2018-11-21 00:00:00',NULL,NULL,0),(626,'2017-03-02 00:00:00','2017-07-17 00:00:00',NULL,NULL,0),(627,'2017-06-21 00:00:00','2017-06-25 00:00:00',NULL,NULL,0),(628,'2017-06-20 00:00:00','2017-09-04 00:00:00',NULL,NULL,0),(629,'2019-06-06 00:00:00','2019-08-18 00:00:00',NULL,NULL,0),(630,'2019-03-14 00:00:00','2019-05-27 00:00:00',NULL,NULL,0),(631,'2018-08-14 00:00:00','2018-09-03 00:00:00',NULL,NULL,0),(632,'2018-02-24 00:00:00','2018-05-15 00:00:00',NULL,NULL,0),(633,'2018-02-14 00:00:00','2018-11-01 00:00:00',NULL,NULL,0),(634,'2018-04-26 00:00:00','2018-08-20 00:00:00',NULL,NULL,0),(635,'2017-07-17 00:00:00','2017-09-07 00:00:00',NULL,NULL,0),(636,'2019-10-25 00:00:00','2019-11-15 00:00:00',NULL,NULL,0),(637,'2019-09-22 00:00:00','2019-11-19 00:00:00',NULL,NULL,0),(638,'2019-03-13 00:00:00','2019-06-26 00:00:00',NULL,NULL,0),(639,'2017-10-25 00:00:00','2017-10-27 00:00:00',NULL,NULL,0),(640,'2018-07-24 00:00:00','2018-10-20 00:00:00',NULL,NULL,0),(641,'2019-03-17 00:00:00','2019-06-18 00:00:00',NULL,NULL,0),(642,'2018-02-12 00:00:00','2018-05-17 00:00:00',NULL,NULL,0),(643,'2018-05-16 00:00:00','2018-07-09 00:00:00',NULL,NULL,0),(644,'2018-09-06 00:00:00','2018-11-20 00:00:00',NULL,NULL,0),(645,'2017-05-11 00:00:00','2017-11-20 00:00:00',NULL,NULL,0),(646,'2019-06-29 00:00:00','2019-08-17 00:00:00',NULL,NULL,0),(647,'2017-08-30 00:00:00','2017-11-01 00:00:00',NULL,NULL,0),(648,'2018-02-25 00:00:00','2018-04-22 00:00:00',NULL,NULL,0),(649,'2017-07-21 00:00:00','2017-07-22 00:00:00',NULL,NULL,0),(650,'2018-10-14 00:00:00','2018-11-21 00:00:00',NULL,NULL,0),(651,'2019-09-02 00:00:00','2019-09-22 00:00:00',NULL,NULL,0),(652,'2017-01-02 00:00:00','2017-08-30 00:00:00',NULL,NULL,0),(653,'2018-02-05 00:00:00','2018-06-09 00:00:00',NULL,NULL,0),(654,'2019-06-29 00:00:00','2019-10-12 00:00:00',NULL,NULL,0),(655,'2019-07-02 00:00:00','2019-09-10 00:00:00',NULL,NULL,0),(656,'2018-10-23 00:00:00','2018-11-21 00:00:00',NULL,NULL,0),(657,'2017-07-28 00:00:00','2017-07-29 00:00:00',NULL,NULL,0),(658,'2019-11-26 00:00:00','2019-11-28 00:00:00',NULL,NULL,0),(659,'2017-09-11 00:00:00','2017-11-09 00:00:00',NULL,NULL,0),(660,'2018-11-08 00:00:00','2018-11-09 00:00:00',NULL,NULL,0),(661,'2019-06-04 00:00:00','2019-10-18 00:00:00',NULL,NULL,0),(662,'2017-10-30 00:00:00','2017-10-31 00:00:00',NULL,NULL,0),(663,'2018-01-03 00:00:00','2018-07-07 00:00:00',NULL,NULL,0),(664,'2017-03-04 00:00:00','2017-10-09 00:00:00',NULL,NULL,0),(665,'2019-04-16 00:00:00','2019-11-20 00:00:00',NULL,NULL,0),(666,'2018-01-02 00:00:00','2018-08-19 00:00:00',NULL,NULL,0),(667,'2018-10-10 00:00:00','2018-11-29 00:00:00',NULL,NULL,0),(668,'2019-05-11 00:00:00','2019-05-14 00:00:00',NULL,NULL,0),(669,'2018-07-03 00:00:00','2018-11-20 00:00:00',NULL,NULL,0),(670,'2018-04-04 00:00:00','2018-11-26 00:00:00',NULL,NULL,0),(671,'2018-04-17 00:00:00','2018-11-11 00:00:00',NULL,NULL,0),(672,'2018-08-27 00:00:00','2018-10-05 00:00:00',NULL,NULL,0),(673,'2017-09-16 00:00:00','2017-10-26 00:00:00',NULL,NULL,0),(674,'2019-07-23 00:00:00','2019-07-25 00:00:00',NULL,NULL,0),(675,'2018-02-08 00:00:00','2018-05-23 00:00:00',NULL,NULL,0),(676,'2018-09-04 00:00:00','2018-09-29 00:00:00',NULL,NULL,0),(677,'2019-04-03 00:00:00','2019-05-11 00:00:00',NULL,NULL,0),(678,'2017-08-22 00:00:00','2017-08-27 00:00:00',NULL,NULL,0),(679,'2017-02-20 00:00:00','2017-04-12 00:00:00',NULL,NULL,0),(680,'2018-08-21 00:00:00','2018-10-15 00:00:00',NULL,NULL,0),(681,'2017-10-19 00:00:00','2017-11-17 00:00:00',NULL,NULL,0),(682,'2017-03-21 00:00:00','2017-05-16 00:00:00',NULL,NULL,0),(683,'2018-03-16 00:00:00','2018-05-11 00:00:00',NULL,NULL,0),(684,'2018-02-17 00:00:00','2018-11-29 00:00:00',NULL,NULL,0),(685,'2017-08-21 00:00:00','2017-09-20 00:00:00',NULL,NULL,0),(686,'2018-04-15 00:00:00','2018-09-28 00:00:00',NULL,NULL,0),(687,'2017-04-02 00:00:00','2017-05-06 00:00:00',NULL,NULL,0),(688,'2018-07-13 00:00:00','2018-10-30 00:00:00',NULL,NULL,0),(689,'2018-09-04 00:00:00','2018-11-25 00:00:00',NULL,NULL,0),(690,'2018-07-29 00:00:00','2018-10-24 00:00:00',NULL,NULL,0),(691,'2019-02-27 00:00:00','2019-10-29 00:00:00',NULL,NULL,0),(692,'2019-03-13 00:00:00','2019-03-25 00:00:00',NULL,NULL,0),(693,'2019-05-16 00:00:00','2019-09-27 00:00:00',NULL,NULL,0),(694,'2019-09-12 00:00:00','2019-10-24 00:00:00',NULL,NULL,0),(695,'2018-06-11 00:00:00','2018-10-03 00:00:00',NULL,NULL,0),(696,'2017-10-16 00:00:00','2017-11-19 00:00:00',NULL,NULL,0),(697,'2017-09-29 00:00:00','2017-10-20 00:00:00',NULL,NULL,0),(698,'2018-05-08 00:00:00','2018-08-16 00:00:00',NULL,NULL,0),(699,'2017-05-27 00:00:00','2017-06-11 00:00:00',NULL,NULL,0),(700,'2017-10-23 00:00:00','2017-10-24 00:00:00',NULL,NULL,0),(701,'2017-10-26 00:00:00','2017-10-28 00:00:00',NULL,NULL,0),(702,'2018-08-27 00:00:00','2018-10-02 00:00:00',NULL,NULL,0),(703,'2017-06-17 00:00:00','2017-10-28 00:00:00',NULL,NULL,0),(704,'2019-11-23 00:00:00','2019-11-28 00:00:00',NULL,NULL,0),(705,'2017-09-06 00:00:00','2017-10-05 00:00:00',NULL,NULL,0),(706,'2017-08-29 00:00:00','2017-11-22 00:00:00',NULL,NULL,0),(707,'2018-05-27 00:00:00','2018-09-14 00:00:00',NULL,NULL,0),(708,'2017-03-26 00:00:00','2017-04-19 00:00:00',NULL,NULL,0),(709,'2019-05-22 00:00:00','2019-11-24 00:00:00',NULL,NULL,0),(710,'2018-05-13 00:00:00','2018-11-28 00:00:00',NULL,NULL,0),(711,'2018-11-14 00:00:00','2018-11-28 00:00:00',NULL,NULL,0),(712,'2019-01-10 00:00:00','2019-02-15 00:00:00',NULL,NULL,0),(713,'2018-06-03 00:00:00','2018-06-27 00:00:00',NULL,NULL,0),(714,'2019-08-21 00:00:00','2019-10-21 00:00:00',NULL,NULL,0),(715,'2019-08-02 00:00:00','2019-09-07 00:00:00',NULL,NULL,0),(716,'2018-01-17 00:00:00','2018-04-22 00:00:00',NULL,NULL,0),(717,'2019-04-25 00:00:00','2019-11-17 00:00:00',NULL,NULL,0),(718,'2017-03-02 00:00:00','2017-11-27 00:00:00',NULL,NULL,0),(719,'2018-04-25 00:00:00','2018-09-24 00:00:00',NULL,NULL,0),(720,'2019-03-20 00:00:00','2019-09-17 00:00:00',NULL,NULL,0),(721,'2017-07-09 00:00:00','2017-09-29 00:00:00',NULL,NULL,0),(722,'2019-09-03 00:00:00','2019-11-12 00:00:00',NULL,NULL,0),(723,'2019-07-29 00:00:00','2019-09-12 00:00:00',NULL,NULL,0),(724,'2018-11-14 00:00:00','2018-11-19 00:00:00',NULL,NULL,0),(725,'2019-09-14 00:00:00','2019-11-08 00:00:00',NULL,NULL,0),(726,'2019-03-09 00:00:00','2019-05-16 00:00:00',NULL,NULL,0),(727,'2018-11-06 00:00:00','2018-11-11 00:00:00',NULL,NULL,0),(728,'2019-11-15 00:00:00','2019-11-27 00:00:00',NULL,NULL,0),(729,'2017-05-15 00:00:00','2017-10-04 00:00:00',NULL,NULL,0),(730,'2017-11-23 00:00:00','2017-11-26 00:00:00',NULL,NULL,0),(731,'2017-06-12 00:00:00','2017-06-14 00:00:00',NULL,NULL,0),(732,'2017-01-07 00:00:00','2017-07-09 00:00:00',NULL,NULL,0),(733,'2017-05-14 00:00:00','2017-06-16 00:00:00',NULL,NULL,0),(734,'2019-01-02 00:00:00','2019-03-28 00:00:00',NULL,NULL,0),(735,'2019-02-18 00:00:00','2019-05-22 00:00:00',NULL,NULL,0),(736,'2018-03-01 00:00:00','2018-09-25 00:00:00',NULL,NULL,0),(737,'2019-04-10 00:00:00','2019-04-18 00:00:00',NULL,NULL,0),(738,'2017-08-02 00:00:00','2017-08-30 00:00:00',NULL,NULL,0),(739,'2017-10-17 00:00:00','2017-10-25 00:00:00',NULL,NULL,0),(740,'2018-08-04 00:00:00','2018-10-29 00:00:00',NULL,NULL,0),(741,'2019-04-14 00:00:00','2019-08-21 00:00:00',NULL,NULL,0),(742,'2019-06-26 00:00:00','2019-08-07 00:00:00',NULL,NULL,0),(743,'2017-07-07 00:00:00','2017-08-15 00:00:00',NULL,NULL,0),(744,'2019-08-08 00:00:00','2019-10-25 00:00:00',NULL,NULL,0),(745,'2017-01-13 00:00:00','2017-10-13 00:00:00',NULL,NULL,0),(746,'2019-01-03 00:00:00','2019-09-01 00:00:00',NULL,NULL,0),(747,'2018-07-20 00:00:00','2018-07-26 00:00:00',NULL,NULL,0),(748,'2018-01-08 00:00:00','2018-01-21 00:00:00',NULL,NULL,0),(749,'2017-07-14 00:00:00','2017-10-10 00:00:00',NULL,NULL,0),(750,'2017-09-07 00:00:00','2017-11-12 00:00:00',NULL,NULL,0),(751,'2018-04-24 00:00:00','2018-08-27 00:00:00',NULL,NULL,0),(752,'2019-01-16 00:00:00','2019-08-21 00:00:00',NULL,NULL,0),(753,'2018-04-10 00:00:00','2018-08-29 00:00:00',NULL,NULL,0),(754,'2018-09-21 00:00:00','2018-11-02 00:00:00',NULL,NULL,0),(755,'2019-11-12 00:00:00','2019-11-29 00:00:00',NULL,NULL,0),(756,'2017-07-17 00:00:00','2017-11-16 00:00:00',NULL,NULL,0),(757,'2018-08-08 00:00:00','2018-08-22 00:00:00',NULL,NULL,0),(758,'2018-01-22 00:00:00','2018-04-11 00:00:00',NULL,NULL,0),(759,'2019-10-28 00:00:00','2019-10-29 00:00:00',NULL,NULL,0),(760,'2018-01-14 00:00:00','2018-05-08 00:00:00',NULL,NULL,0),(761,'2017-11-11 00:00:00','2017-11-22 00:00:00',NULL,NULL,0),(762,'2018-10-12 00:00:00','2018-11-15 00:00:00',NULL,NULL,0),(763,'2017-03-05 00:00:00','2017-03-11 00:00:00',NULL,NULL,0),(764,'2019-07-10 00:00:00','2019-08-10 00:00:00',NULL,NULL,0),(765,'2019-02-25 00:00:00','2019-02-26 00:00:00',NULL,NULL,0),(766,'2019-06-24 00:00:00','2019-08-07 00:00:00',NULL,NULL,0),(767,'2018-09-04 00:00:00','2018-09-29 00:00:00',NULL,NULL,0),(768,'2018-05-11 00:00:00','2018-11-10 00:00:00',NULL,NULL,0),(769,'2019-02-03 00:00:00','2019-08-27 00:00:00',NULL,NULL,0),(770,'2018-08-17 00:00:00','2018-10-30 00:00:00',NULL,NULL,0),(771,'2017-07-22 00:00:00','2017-07-25 00:00:00',NULL,NULL,0),(772,'2017-08-13 00:00:00','2017-10-23 00:00:00',NULL,NULL,0),(773,'2018-07-07 00:00:00','2018-10-20 00:00:00',NULL,NULL,0),(774,'2018-03-08 00:00:00','2018-05-02 00:00:00',NULL,NULL,0),(775,'2018-10-09 00:00:00','2018-11-11 00:00:00',NULL,NULL,0),(776,'2017-09-19 00:00:00','2017-09-22 00:00:00',NULL,NULL,0),(777,'2018-08-11 00:00:00','2018-11-13 00:00:00',NULL,NULL,0),(778,'2018-02-23 00:00:00','2018-03-26 00:00:00',NULL,NULL,0),(779,'2019-09-12 00:00:00','2019-09-27 00:00:00',NULL,NULL,0),(780,'2017-09-18 00:00:00','2017-09-20 00:00:00',NULL,NULL,0),(781,'2018-05-23 00:00:00','2018-09-21 00:00:00',NULL,NULL,0),(782,'2017-05-30 00:00:00','2017-09-06 00:00:00',NULL,NULL,0),(783,'2018-10-18 00:00:00','2018-10-22 00:00:00',NULL,NULL,0),(784,'2018-11-08 00:00:00','2018-11-09 00:00:00',NULL,NULL,0),(785,'2018-11-18 00:00:00','2018-11-19 00:00:00',NULL,NULL,0),(786,'2017-10-10 00:00:00','2017-11-01 00:00:00',NULL,NULL,0),(787,'2019-10-07 00:00:00','2019-10-25 00:00:00',NULL,NULL,0),(788,'2018-04-01 00:00:00','2018-09-17 00:00:00',NULL,NULL,0),(789,'2017-10-26 00:00:00','2017-10-28 00:00:00',NULL,NULL,0),(790,'2017-08-22 00:00:00','2017-10-24 00:00:00',NULL,NULL,0),(791,'2018-03-01 00:00:00','2018-10-12 00:00:00',NULL,NULL,0),(792,'2018-05-18 00:00:00','2018-08-15 00:00:00',NULL,NULL,0),(793,'2018-11-12 00:00:00','2018-11-18 00:00:00',NULL,NULL,0),(794,'2018-09-11 00:00:00','2018-10-10 00:00:00',NULL,NULL,0),(795,'2017-05-10 00:00:00','2017-08-13 00:00:00',NULL,NULL,0),(796,'2017-10-25 00:00:00','2017-11-29 00:00:00',NULL,NULL,0),(797,'2018-03-18 00:00:00','2018-03-23 00:00:00',NULL,NULL,0),(798,'2017-04-24 00:00:00','2017-10-27 00:00:00',NULL,NULL,0),(799,'2018-09-23 00:00:00','2018-10-19 00:00:00',NULL,NULL,0),(800,'2017-05-01 00:00:00','2017-07-18 00:00:00',NULL,NULL,0),(801,'2017-10-02 00:00:00','2017-10-05 00:00:00',NULL,NULL,0),(802,'2019-10-14 00:00:00','2019-11-25 00:00:00',NULL,NULL,0),(803,'2018-11-19 00:00:00','2018-11-20 00:00:00',NULL,NULL,0),(804,'2017-11-11 00:00:00','2017-11-17 00:00:00',NULL,NULL,0),(805,'2017-05-15 00:00:00','2017-06-23 00:00:00',NULL,NULL,0),(806,'2017-04-18 00:00:00','2017-10-18 00:00:00',NULL,NULL,0),(807,'2018-02-01 00:00:00','2018-05-01 00:00:00',NULL,NULL,0),(808,'2017-11-14 00:00:00','2017-11-21 00:00:00',NULL,NULL,0),(809,'2019-06-02 00:00:00','2019-10-22 00:00:00',NULL,NULL,0),(810,'2017-02-06 00:00:00','2017-04-12 00:00:00',NULL,NULL,0),(811,'2018-01-29 00:00:00','2018-01-30 00:00:00',NULL,NULL,0),(812,'2017-07-27 00:00:00','2017-09-23 00:00:00',NULL,NULL,0),(813,'2017-08-12 00:00:00','2017-10-19 00:00:00',NULL,NULL,0),(814,'2019-05-22 00:00:00','2019-10-08 00:00:00',NULL,NULL,0),(815,'2019-08-27 00:00:00','2019-09-07 00:00:00',NULL,NULL,0),(816,'2017-08-21 00:00:00','2017-11-06 00:00:00',NULL,NULL,0),(817,'2017-02-24 00:00:00','2017-05-27 00:00:00',NULL,NULL,0),(818,'2018-06-14 00:00:00','2018-07-07 00:00:00',NULL,NULL,0),(819,'2017-04-17 00:00:00','2017-10-19 00:00:00',NULL,NULL,0),(820,'2017-04-04 00:00:00','2017-04-07 00:00:00',NULL,NULL,0),(821,'2018-10-12 00:00:00','2018-11-19 00:00:00',NULL,NULL,0),(822,'2019-03-12 00:00:00','2019-09-18 00:00:00',NULL,NULL,0),(823,'2017-01-30 00:00:00','2017-01-31 00:00:00',NULL,NULL,0),(824,'2019-07-22 00:00:00','2019-08-22 00:00:00',NULL,NULL,0),(825,'2018-06-12 00:00:00','2018-11-03 00:00:00',NULL,NULL,0),(826,'2017-02-16 00:00:00','2017-02-27 00:00:00',NULL,NULL,0),(827,'2018-03-27 00:00:00','2018-11-23 00:00:00',NULL,NULL,0),(828,'2018-01-26 00:00:00','2018-02-11 00:00:00',NULL,NULL,0),(829,'2017-11-01 00:00:00','2017-11-05 00:00:00',NULL,NULL,0),(830,'2019-02-13 00:00:00','2019-06-05 00:00:00',NULL,NULL,0),(831,'2017-02-02 00:00:00','2017-10-29 00:00:00',NULL,NULL,0),(832,'2017-11-07 00:00:00','2017-11-15 00:00:00',NULL,NULL,0),(833,'2019-04-18 00:00:00','2019-08-01 00:00:00',NULL,NULL,0),(834,'2017-03-21 00:00:00','2017-10-02 00:00:00',NULL,NULL,0),(835,'2018-01-20 00:00:00','2018-06-15 00:00:00',NULL,NULL,0),(836,'2018-08-02 00:00:00','2018-08-11 00:00:00',NULL,NULL,0),(837,'2018-04-02 00:00:00','2018-09-06 00:00:00',NULL,NULL,0),(838,'2019-01-24 00:00:00','2019-07-29 00:00:00',NULL,NULL,0),(839,'2017-08-26 00:00:00','2017-08-28 00:00:00',NULL,NULL,0),(840,'2019-01-26 00:00:00','2019-07-22 00:00:00',NULL,NULL,0),(841,'2018-06-02 00:00:00','2018-10-19 00:00:00',NULL,NULL,0),(842,'2017-01-28 00:00:00','2017-10-01 00:00:00',NULL,NULL,0),(843,'2019-08-05 00:00:00','2019-09-22 00:00:00',NULL,NULL,0),(844,'2017-05-01 00:00:00','2017-07-29 00:00:00',NULL,NULL,0),(845,'2017-09-28 00:00:00','2017-09-29 00:00:00',NULL,NULL,0),(846,'2017-04-09 00:00:00','2017-06-17 00:00:00',NULL,NULL,0),(847,'2018-01-21 00:00:00','2018-02-21 00:00:00',NULL,NULL,0),(848,'2018-04-01 00:00:00','2018-11-26 00:00:00',NULL,NULL,0),(849,'2019-09-01 00:00:00','2019-10-18 00:00:00',NULL,NULL,0),(850,'2017-01-27 00:00:00','2017-06-07 00:00:00',NULL,NULL,0),(851,'2018-01-11 00:00:00','2018-10-16 00:00:00',NULL,NULL,0),(852,'2018-09-21 00:00:00','2018-11-21 00:00:00',NULL,NULL,0),(853,'2019-02-10 00:00:00','2019-05-28 00:00:00',NULL,NULL,0),(854,'2017-04-20 00:00:00','2017-09-05 00:00:00',NULL,NULL,0),(855,'2018-10-06 00:00:00','2018-11-09 00:00:00',NULL,NULL,0),(856,'2018-06-14 00:00:00','2018-07-25 00:00:00',NULL,NULL,0),(857,'2019-08-06 00:00:00','2019-11-07 00:00:00',NULL,NULL,0),(858,'2018-02-14 00:00:00','2018-05-11 00:00:00',NULL,NULL,0),(859,'2018-11-20 00:00:00','2018-11-26 00:00:00',NULL,NULL,0),(860,'2017-05-14 00:00:00','2017-07-02 00:00:00',NULL,NULL,0),(861,'2018-08-01 00:00:00','2018-09-17 00:00:00',NULL,NULL,0),(862,'2017-11-26 00:00:00','2017-11-29 00:00:00',NULL,NULL,0),(863,'2019-02-01 00:00:00','2019-04-10 00:00:00',NULL,NULL,0),(864,'2017-06-13 00:00:00','2017-10-01 00:00:00',NULL,NULL,0),(865,'2018-06-23 00:00:00','2018-10-30 00:00:00',NULL,NULL,0),(866,'2018-11-06 00:00:00','2018-11-07 00:00:00',NULL,NULL,0),(867,'2019-11-05 00:00:00','2019-11-19 00:00:00',NULL,NULL,0),(868,'2019-09-28 00:00:00','2019-10-13 00:00:00',NULL,NULL,0),(869,'2017-08-01 00:00:00','2017-11-07 00:00:00',NULL,NULL,0),(870,'2018-04-04 00:00:00','2018-11-29 00:00:00',NULL,NULL,0),(871,'2019-04-19 00:00:00','2019-10-26 00:00:00',NULL,NULL,0),(872,'2019-08-21 00:00:00','2019-11-07 00:00:00',NULL,NULL,0),(873,'2019-03-11 00:00:00','2019-10-03 00:00:00',NULL,NULL,0),(874,'2017-07-20 00:00:00','2017-10-28 00:00:00',NULL,NULL,0),(875,'2017-07-03 00:00:00','2017-11-22 00:00:00',NULL,NULL,0),(876,'2017-06-29 00:00:00','2017-07-11 00:00:00',NULL,NULL,0),(877,'2017-06-13 00:00:00','2017-10-17 00:00:00',NULL,NULL,0),(878,'2017-11-17 00:00:00','2017-11-27 00:00:00',NULL,NULL,0),(879,'2018-09-16 00:00:00','2018-10-27 00:00:00',NULL,NULL,0),(880,'2018-04-03 00:00:00','2018-09-25 00:00:00',NULL,NULL,0),(881,'2018-03-19 00:00:00','2018-09-04 00:00:00',NULL,NULL,0),(882,'2019-02-07 00:00:00','2019-04-13 00:00:00',NULL,NULL,0),(883,'2017-03-10 00:00:00','2017-03-15 00:00:00',NULL,NULL,0),(884,'2019-05-30 00:00:00','2019-06-23 00:00:00',NULL,NULL,0),(885,'2017-05-09 00:00:00','2017-08-05 00:00:00',NULL,NULL,0),(886,'2018-07-12 00:00:00','2018-08-23 00:00:00',NULL,NULL,0),(887,'2017-05-27 00:00:00','2017-09-24 00:00:00',NULL,NULL,0),(888,'2018-07-22 00:00:00','2018-09-11 00:00:00',NULL,NULL,0),(889,'2017-10-16 00:00:00','2017-10-20 00:00:00',NULL,NULL,0),(890,'2017-03-13 00:00:00','2017-06-20 00:00:00',NULL,NULL,0),(891,'2019-01-16 00:00:00','2019-11-17 00:00:00',NULL,NULL,0),(892,'2019-09-13 00:00:00','2019-11-09 00:00:00',NULL,NULL,0),(893,'2017-04-17 00:00:00','2017-10-16 00:00:00',NULL,NULL,0),(894,'2018-10-12 00:00:00','2018-10-27 00:00:00',NULL,NULL,0),(895,'2019-03-07 00:00:00','2019-05-12 00:00:00',NULL,NULL,0),(896,'2019-04-22 00:00:00','2019-06-07 00:00:00',NULL,NULL,0),(897,'2019-08-04 00:00:00','2019-08-05 00:00:00',NULL,NULL,0),(898,'2019-04-11 00:00:00','2019-05-18 00:00:00',NULL,NULL,0),(899,'2019-06-08 00:00:00','2019-11-12 00:00:00',NULL,NULL,0),(900,'2019-02-09 00:00:00','2019-02-11 00:00:00',NULL,NULL,0),(901,'2019-02-07 00:00:00','2019-03-05 00:00:00',NULL,NULL,0),(902,'2019-11-26 00:00:00','2019-11-28 00:00:00',NULL,NULL,0),(903,'2018-11-03 00:00:00','2018-11-19 00:00:00',NULL,NULL,0),(904,'2019-03-13 00:00:00','2019-05-14 00:00:00',NULL,NULL,0),(905,'2018-04-29 00:00:00','2018-08-28 00:00:00',NULL,NULL,0),(906,'2018-01-26 00:00:00','2018-03-05 00:00:00',NULL,NULL,0),(907,'2019-05-11 00:00:00','2019-08-15 00:00:00',NULL,NULL,0),(908,'2017-11-16 00:00:00','2017-11-18 00:00:00',NULL,NULL,0),(909,'2019-06-05 00:00:00','2019-06-22 00:00:00',NULL,NULL,0),(910,'2019-02-04 00:00:00','2019-10-24 00:00:00',NULL,NULL,0),(911,'2019-01-22 00:00:00','2019-01-23 00:00:00',NULL,NULL,0),(912,'2019-05-29 00:00:00','2019-09-29 00:00:00',NULL,NULL,0),(913,'2019-04-14 00:00:00','2019-10-04 00:00:00',NULL,NULL,0),(914,'2017-04-18 00:00:00','2017-07-13 00:00:00',NULL,NULL,0),(915,'2017-07-22 00:00:00','2017-10-01 00:00:00',NULL,NULL,0),(916,'2019-05-11 00:00:00','2019-05-30 00:00:00',NULL,NULL,0),(917,'2017-01-18 00:00:00','2017-05-26 00:00:00',NULL,NULL,0),(918,'2019-08-05 00:00:00','2019-11-25 00:00:00',NULL,NULL,0),(919,'2018-11-07 00:00:00','2018-11-29 00:00:00',NULL,NULL,0),(920,'2019-10-28 00:00:00','2019-11-11 00:00:00',NULL,NULL,0),(921,'2018-06-10 00:00:00','2018-08-18 00:00:00',NULL,NULL,0),(922,'2019-10-29 00:00:00','2019-10-30 00:00:00',NULL,NULL,0),(923,'2018-11-22 00:00:00','2018-11-27 00:00:00',NULL,NULL,0),(924,'2019-02-22 00:00:00','2019-05-25 00:00:00',NULL,NULL,0),(925,'2019-03-30 00:00:00','2019-04-16 00:00:00',NULL,NULL,0),(926,'2017-10-27 00:00:00','2017-10-28 00:00:00',NULL,NULL,0),(927,'2017-08-14 00:00:00','2017-08-15 00:00:00',NULL,NULL,0),(928,'2019-11-07 00:00:00','2019-11-20 00:00:00',NULL,NULL,0),(929,'2019-11-17 00:00:00','2019-11-22 00:00:00',NULL,NULL,0),(930,'2017-08-07 00:00:00','2017-09-22 00:00:00',NULL,NULL,0),(931,'2018-03-21 00:00:00','2018-05-15 00:00:00',NULL,NULL,0),(932,'2019-01-16 00:00:00','2019-05-01 00:00:00',NULL,NULL,0),(933,'2017-08-19 00:00:00','2017-11-20 00:00:00',NULL,NULL,0),(934,'2017-09-11 00:00:00','2017-11-10 00:00:00',NULL,NULL,0),(935,'2017-05-11 00:00:00','2017-05-14 00:00:00',NULL,NULL,0),(936,'2018-06-12 00:00:00','2018-11-19 00:00:00',NULL,NULL,0),(937,'2019-08-14 00:00:00','2019-08-21 00:00:00',NULL,NULL,0),(938,'2018-09-08 00:00:00','2018-11-13 00:00:00',NULL,NULL,0),(939,'2017-08-11 00:00:00','2017-10-10 00:00:00',NULL,NULL,0),(940,'2017-07-28 00:00:00','2017-10-01 00:00:00',NULL,NULL,0),(941,'2019-03-10 00:00:00','2019-07-06 00:00:00',NULL,NULL,0),(942,'2018-07-24 00:00:00','2018-07-25 00:00:00',NULL,NULL,0),(943,'2018-03-27 00:00:00','2018-11-02 00:00:00',NULL,NULL,0),(944,'2019-09-05 00:00:00','2019-09-25 00:00:00',NULL,NULL,0),(945,'2019-10-30 00:00:00','2019-11-27 00:00:00',NULL,NULL,0),(946,'2018-02-20 00:00:00','2018-03-13 00:00:00',NULL,NULL,0),(947,'2019-10-08 00:00:00','2019-11-21 00:00:00',NULL,NULL,0),(948,'2018-11-10 00:00:00','2018-11-17 00:00:00',NULL,NULL,0),(949,'2017-07-27 00:00:00','2017-07-28 00:00:00',NULL,NULL,0),(950,'2019-11-17 00:00:00','2019-11-26 00:00:00',NULL,NULL,0),(951,'2017-10-30 00:00:00','2017-11-04 00:00:00',NULL,NULL,0),(952,'2019-09-23 00:00:00','2019-10-10 00:00:00',NULL,NULL,0),(953,'2018-10-17 00:00:00','2018-11-24 00:00:00',NULL,NULL,0),(954,'2019-08-28 00:00:00','2019-10-18 00:00:00',NULL,NULL,0),(955,'2017-08-09 00:00:00','2017-08-10 00:00:00',NULL,NULL,0),(956,'2018-06-16 00:00:00','2018-09-13 00:00:00',NULL,NULL,0),(957,'2018-09-26 00:00:00','2018-10-05 00:00:00',NULL,NULL,0),(958,'2018-04-27 00:00:00','2018-11-26 00:00:00',NULL,NULL,0),(959,'2019-10-18 00:00:00','2019-11-05 00:00:00',NULL,NULL,0),(960,'2017-07-28 00:00:00','2017-09-20 00:00:00',NULL,NULL,0),(961,'2018-08-13 00:00:00','2018-09-22 00:00:00',NULL,NULL,0),(962,'2018-10-15 00:00:00','2018-10-23 00:00:00',NULL,NULL,0),(963,'2017-08-09 00:00:00','2017-08-19 00:00:00',NULL,NULL,0),(964,'2018-08-04 00:00:00','2018-11-11 00:00:00',NULL,NULL,0),(965,'2019-09-23 00:00:00','2019-11-11 00:00:00',NULL,NULL,0),(966,'2018-06-05 00:00:00','2018-11-15 00:00:00',NULL,NULL,0),(967,'2019-08-26 00:00:00','2019-10-17 00:00:00',NULL,NULL,0),(968,'2017-04-08 00:00:00','2017-04-20 00:00:00',NULL,NULL,0),(969,'2017-02-02 00:00:00','2017-05-13 00:00:00',NULL,NULL,0),(970,'2019-07-16 00:00:00','2019-11-03 00:00:00',NULL,NULL,0),(971,'2017-04-20 00:00:00','2017-07-27 00:00:00',NULL,NULL,0),(972,'2019-05-25 00:00:00','2019-06-07 00:00:00',NULL,NULL,0),(973,'2019-10-18 00:00:00','2019-11-22 00:00:00',NULL,NULL,0),(974,'2019-05-24 00:00:00','2019-06-15 00:00:00',NULL,NULL,0),(975,'2019-08-24 00:00:00','2019-09-29 00:00:00',NULL,NULL,0),(976,'2018-03-27 00:00:00','2018-11-28 00:00:00',NULL,NULL,0),(977,'2018-09-14 00:00:00','2018-09-17 00:00:00',NULL,NULL,0),(978,'2019-10-02 00:00:00','2019-11-01 00:00:00',NULL,NULL,0),(979,'2017-04-11 00:00:00','2017-08-11 00:00:00',NULL,NULL,0),(980,'2019-11-06 00:00:00','2019-11-10 00:00:00',NULL,NULL,0),(981,'2017-08-28 00:00:00','2017-08-30 00:00:00',NULL,NULL,0),(982,'2018-11-20 00:00:00','2018-11-29 00:00:00',NULL,NULL,0),(983,'2019-08-04 00:00:00','2019-10-19 00:00:00',NULL,NULL,0),(984,'2019-04-06 00:00:00','2019-08-16 00:00:00',NULL,NULL,0),(985,'2017-01-03 00:00:00','2017-10-08 00:00:00',NULL,NULL,0),(986,'2017-01-03 00:00:00','2017-01-30 00:00:00',NULL,NULL,0),(987,'2019-10-04 00:00:00','2019-10-15 00:00:00',NULL,NULL,0),(988,'2019-05-20 00:00:00','2019-11-04 00:00:00',NULL,NULL,0),(989,'2019-07-28 00:00:00','2019-07-30 00:00:00',NULL,NULL,0),(990,'2019-09-01 00:00:00','2019-09-27 00:00:00',NULL,NULL,0),(991,'2018-11-14 00:00:00','2018-11-22 00:00:00',NULL,NULL,0),(992,'2018-04-06 00:00:00','2018-09-10 00:00:00',NULL,NULL,0),(993,'2017-09-13 00:00:00','2017-10-20 00:00:00',NULL,NULL,0),(994,'2017-08-22 00:00:00','2017-08-26 00:00:00',NULL,NULL,0),(995,'2018-08-07 00:00:00','2018-11-09 00:00:00',NULL,NULL,0),(996,'2018-07-15 00:00:00','2018-11-14 00:00:00',NULL,NULL,0),(997,'2018-10-13 00:00:00','2018-10-24 00:00:00',NULL,NULL,0),(998,'2018-06-20 00:00:00','2018-11-08 00:00:00',NULL,NULL,0),(999,'2019-02-14 00:00:00','2019-02-18 00:00:00',NULL,NULL,0),(1000,'2019-09-12 00:00:00','2019-10-22 00:00:00',NULL,NULL,0),(1001,'2017-01-28 00:00:00','2017-08-05 00:00:00',NULL,NULL,0),(1002,'2018-06-18 00:00:00','2018-07-09 00:00:00',NULL,NULL,0),(1003,'2019-05-17 00:00:00','2019-10-23 00:00:00',NULL,NULL,0),(1004,'2019-09-21 00:00:00','2019-11-03 00:00:00',NULL,NULL,0),(1005,'2017-08-08 00:00:00','2017-08-13 00:00:00',NULL,NULL,0),(1006,'2019-09-04 00:00:00','2019-11-22 00:00:00',NULL,NULL,0),(1007,'2019-07-26 00:00:00','2019-11-27 00:00:00',NULL,NULL,0),(1008,'2018-03-10 00:00:00','2018-10-02 00:00:00',NULL,NULL,0),(1009,'2018-01-29 00:00:00','2018-06-09 00:00:00',NULL,NULL,0),(1010,'2018-10-23 00:00:00','2018-10-29 00:00:00',NULL,NULL,0),(1011,'2018-07-26 00:00:00','2018-11-20 00:00:00',NULL,NULL,0),(1012,'2018-10-02 00:00:00','2018-10-12 00:00:00',NULL,NULL,0),(1013,'2018-08-16 00:00:00','2018-08-24 00:00:00',NULL,NULL,0),(1014,'2018-07-24 00:00:00','2018-10-17 00:00:00',NULL,NULL,0),(1015,'2019-06-23 00:00:00','2019-07-08 00:00:00',NULL,NULL,0),(1016,'2017-07-03 00:00:00','2017-09-09 00:00:00',NULL,NULL,0),(1017,'2019-03-20 00:00:00','2019-05-01 00:00:00',NULL,NULL,0),(1018,'2018-05-23 00:00:00','2018-09-25 00:00:00',NULL,NULL,0),(1019,'2018-01-22 00:00:00','2018-01-24 00:00:00',NULL,NULL,0),(1020,'2019-01-29 00:00:00','2019-07-02 00:00:00',NULL,NULL,0),(1021,'2019-03-18 00:00:00','2019-09-25 00:00:00',NULL,NULL,0),(1022,'2019-07-27 00:00:00','2019-08-26 00:00:00',NULL,NULL,0),(1023,'2017-09-25 00:00:00','2017-10-08 00:00:00',NULL,NULL,0),(1024,'2018-05-19 00:00:00','2018-10-10 00:00:00',NULL,NULL,0),(1025,'2018-04-07 00:00:00','2018-11-03 00:00:00',NULL,NULL,0),(1026,'2019-10-04 00:00:00','2019-10-22 00:00:00',NULL,NULL,0),(1027,'2017-01-30 00:00:00','2017-01-31 00:00:00',NULL,NULL,0),(1028,'2019-08-01 00:00:00','2019-10-14 00:00:00',NULL,NULL,0),(1029,'2019-10-02 00:00:00','2019-10-23 00:00:00',NULL,NULL,0),(1030,'2017-09-19 00:00:00','2017-09-26 00:00:00',NULL,NULL,0),(1031,'2018-02-16 00:00:00','2018-03-26 00:00:00',NULL,NULL,0),(1032,'2019-03-28 00:00:00','2019-08-10 00:00:00',NULL,NULL,0),(1033,'2017-02-08 00:00:00','2017-10-09 00:00:00',NULL,NULL,0),(1034,'2018-11-08 00:00:00','2018-11-17 00:00:00',NULL,NULL,0),(1035,'2019-04-16 00:00:00','2019-04-24 00:00:00',NULL,NULL,0),(1036,'2017-03-30 00:00:00','2017-11-15 00:00:00',NULL,NULL,0),(1037,'2019-06-27 00:00:00','2019-11-08 00:00:00',NULL,NULL,0),(1038,'2017-05-13 00:00:00','2017-05-26 00:00:00',NULL,NULL,0),(1039,'2017-02-10 00:00:00','2017-06-01 00:00:00',NULL,NULL,0),(1040,'2019-04-07 00:00:00','2019-09-11 00:00:00',NULL,NULL,0),(1041,'2019-07-05 00:00:00','2019-11-05 00:00:00',NULL,NULL,0),(1042,'2018-02-22 00:00:00','2018-02-25 00:00:00',NULL,NULL,0),(1043,'2017-03-22 00:00:00','2017-03-24 00:00:00',NULL,NULL,0),(1044,'2019-09-13 00:00:00','2019-11-09 00:00:00',NULL,NULL,0),(1045,'2018-01-19 00:00:00','2018-09-28 00:00:00',NULL,NULL,0),(1046,'2018-07-29 00:00:00','2018-08-16 00:00:00',NULL,NULL,0),(1047,'2018-09-24 00:00:00','2018-10-20 00:00:00',NULL,NULL,0),(1048,'2018-03-23 00:00:00','2018-04-03 00:00:00',NULL,NULL,0),(1049,'2017-01-12 00:00:00','2017-03-22 00:00:00',NULL,NULL,0),(1050,'2019-03-25 00:00:00','2019-07-12 00:00:00',NULL,NULL,0),(1051,'2019-07-16 00:00:00','2019-07-26 00:00:00',NULL,NULL,0),(1052,'2019-07-08 00:00:00','2019-10-07 00:00:00',NULL,NULL,0),(1053,'2017-04-12 00:00:00','2017-08-30 00:00:00',NULL,NULL,0),(1054,'2017-06-25 00:00:00','2017-07-23 00:00:00',NULL,NULL,0),(1055,'2018-08-11 00:00:00','2018-09-10 00:00:00',NULL,NULL,0),(1056,'2018-03-06 00:00:00','2018-09-08 00:00:00',NULL,NULL,0),(1057,'2017-11-03 00:00:00','2017-11-27 00:00:00',NULL,NULL,0),(1058,'2017-02-01 00:00:00','2017-02-12 00:00:00',NULL,NULL,0),(1059,'2019-04-08 00:00:00','2019-09-23 00:00:00',NULL,NULL,0),(1060,'2017-08-18 00:00:00','2017-08-30 00:00:00',NULL,NULL,0),(1061,'2019-09-24 00:00:00','2019-09-25 00:00:00',NULL,NULL,0),(1062,'2019-08-14 00:00:00','2019-08-18 00:00:00',NULL,NULL,0),(1063,'2017-10-17 00:00:00','2017-11-15 00:00:00',NULL,NULL,0),(1064,'2018-03-10 00:00:00','2018-08-03 00:00:00',NULL,NULL,0),(1065,'2017-08-27 00:00:00','2017-10-24 00:00:00',NULL,NULL,0),(1066,'2017-09-28 00:00:00','2017-11-12 00:00:00',NULL,NULL,0),(1067,'2018-01-28 00:00:00','2018-06-02 00:00:00',NULL,NULL,0),(1068,'2018-10-06 00:00:00','2018-11-12 00:00:00',NULL,NULL,0),(1069,'2019-10-01 00:00:00','2019-11-22 00:00:00',NULL,NULL,0),(1070,'2017-04-14 00:00:00','2017-08-11 00:00:00',NULL,NULL,0),(1071,'2017-09-03 00:00:00','2017-09-20 00:00:00',NULL,NULL,0),(1072,'2019-03-11 00:00:00','2019-06-28 00:00:00',NULL,NULL,0),(1073,'2018-03-18 00:00:00','2018-03-24 00:00:00',NULL,NULL,0),(1074,'2019-05-17 00:00:00','2019-07-19 00:00:00',NULL,NULL,0),(1075,'2019-08-25 00:00:00','2019-10-03 00:00:00',NULL,NULL,0),(1076,'2018-08-22 00:00:00','2018-11-06 00:00:00',NULL,NULL,0),(1077,'2019-02-11 00:00:00','2019-04-24 00:00:00',NULL,NULL,0),(1078,'2018-02-16 00:00:00','2018-08-13 00:00:00',NULL,NULL,0),(1079,'2018-09-06 00:00:00','2018-11-21 00:00:00',NULL,NULL,0),(1080,'2018-11-04 00:00:00','2018-11-20 00:00:00',NULL,NULL,0),(1081,'2018-11-11 00:00:00','2018-11-18 00:00:00',NULL,NULL,0),(1082,'2019-11-19 00:00:00','2019-11-24 00:00:00',NULL,NULL,0),(1083,'2019-05-28 00:00:00','2019-11-07 00:00:00',NULL,NULL,0),(1084,'2019-01-27 00:00:00','2019-09-04 00:00:00',NULL,NULL,0),(1085,'2018-06-18 00:00:00','2018-09-06 00:00:00',NULL,NULL,0),(1086,'2017-04-16 00:00:00','2017-10-25 00:00:00',NULL,NULL,0),(1087,'2017-01-28 00:00:00','2017-03-10 00:00:00',NULL,NULL,0),(1088,'2019-04-23 00:00:00','2019-08-14 00:00:00',NULL,NULL,0),(1089,'2019-08-14 00:00:00','2019-09-03 00:00:00',NULL,NULL,0),(1090,'2019-08-01 00:00:00','2019-09-11 00:00:00',NULL,NULL,0),(1091,'2018-04-16 00:00:00','2018-09-04 00:00:00',NULL,NULL,0),(1092,'2017-07-14 00:00:00','2017-08-25 00:00:00',NULL,NULL,0),(1093,'2019-01-25 00:00:00','2019-07-29 00:00:00',NULL,NULL,0),(1094,'2018-08-11 00:00:00','2018-10-14 00:00:00',NULL,NULL,0),(1095,'2019-02-22 00:00:00','2019-02-27 00:00:00',NULL,NULL,0),(1096,'2018-03-09 00:00:00','2018-06-04 00:00:00',NULL,NULL,0),(1097,'2017-01-13 00:00:00','2017-08-19 00:00:00',NULL,NULL,0),(1098,'2018-04-29 00:00:00','2018-04-30 00:00:00',NULL,NULL,0),(1099,'2017-07-29 00:00:00','2017-08-18 00:00:00',NULL,NULL,0),(1100,'2018-06-20 00:00:00','2018-06-25 00:00:00',NULL,NULL,0),(1101,'2018-04-14 00:00:00','2018-04-27 00:00:00',NULL,NULL,0),(1102,'2019-02-12 00:00:00','2019-03-14 00:00:00',NULL,NULL,0),(1103,'2017-11-25 00:00:00','2017-11-26 00:00:00',NULL,NULL,0),(1104,'2019-05-26 00:00:00','2019-06-10 00:00:00',NULL,NULL,0),(1105,'2017-01-10 00:00:00','2017-03-02 00:00:00',NULL,NULL,0),(1106,'2017-08-27 00:00:00','2017-09-10 00:00:00',NULL,NULL,0),(1107,'2019-02-17 00:00:00','2019-06-12 00:00:00',NULL,NULL,0),(1108,'2019-05-29 00:00:00','2019-05-30 00:00:00',NULL,NULL,0),(1109,'2017-10-24 00:00:00','2017-11-02 00:00:00',NULL,NULL,0),(1110,'2019-11-26 00:00:00','2019-11-29 00:00:00',NULL,NULL,0),(1111,'2017-07-10 00:00:00','2017-11-22 00:00:00',NULL,NULL,0),(1112,'2018-06-14 00:00:00','2018-11-18 00:00:00',NULL,NULL,0),(1113,'2019-03-18 00:00:00','2019-06-26 00:00:00',NULL,NULL,0),(1114,'2018-09-11 00:00:00','2018-11-09 00:00:00',NULL,NULL,0),(1115,'2018-06-20 00:00:00','2018-06-22 00:00:00',NULL,NULL,0),(1116,'2018-06-09 00:00:00','2018-11-05 00:00:00',NULL,NULL,0),(1117,'2018-04-20 00:00:00','2018-11-27 00:00:00',NULL,NULL,0),(1118,'2017-11-15 00:00:00','2017-11-25 00:00:00',NULL,NULL,0),(1119,'2017-02-11 00:00:00','2017-11-09 00:00:00',NULL,NULL,0),(1120,'2019-04-20 00:00:00','2019-05-07 00:00:00',NULL,NULL,0),(1121,'2019-11-10 00:00:00','2019-11-15 00:00:00',NULL,NULL,0),(1122,'2018-11-24 00:00:00','2018-11-27 00:00:00',NULL,NULL,0),(1123,'2018-02-08 00:00:00','2018-06-05 00:00:00',NULL,NULL,0),(1124,'2019-09-26 00:00:00','2019-11-06 00:00:00',NULL,NULL,0),(1125,'2017-06-12 00:00:00','2017-06-26 00:00:00',NULL,NULL,0),(1126,'2019-07-04 00:00:00','2019-10-03 00:00:00',NULL,NULL,0),(1127,'2019-09-05 00:00:00','2019-09-26 00:00:00',NULL,NULL,0),(1128,'2017-01-04 00:00:00','2017-04-16 00:00:00',NULL,NULL,0),(1129,'2018-08-13 00:00:00','2018-11-03 00:00:00',NULL,NULL,0),(1130,'2017-05-03 00:00:00','2017-05-24 00:00:00',NULL,NULL,0),(1131,'2017-11-07 00:00:00','2017-11-14 00:00:00',NULL,NULL,0),(1132,'2017-08-11 00:00:00','2017-11-23 00:00:00',NULL,NULL,0),(1133,'2019-04-15 00:00:00','2019-06-23 00:00:00',NULL,NULL,0),(1134,'2018-01-07 00:00:00','2018-11-07 00:00:00',NULL,NULL,0),(1135,'2019-02-26 00:00:00','2019-03-27 00:00:00',NULL,NULL,0),(1136,'2019-08-28 00:00:00','2019-09-27 00:00:00',NULL,NULL,0),(1137,'2019-05-05 00:00:00','2019-09-07 00:00:00',NULL,NULL,0),(1138,'2019-05-05 00:00:00','2019-11-19 00:00:00',NULL,NULL,0),(1139,'2017-08-08 00:00:00','2017-11-10 00:00:00',NULL,NULL,0),(1140,'2018-05-19 00:00:00','2018-07-28 00:00:00',NULL,NULL,0),(1141,'2018-07-02 00:00:00','2018-10-06 00:00:00',NULL,NULL,0),(1142,'2018-04-02 00:00:00','2018-06-18 00:00:00',NULL,NULL,0),(1143,'2019-04-04 00:00:00','2019-10-27 00:00:00',NULL,NULL,0),(1144,'2019-10-14 00:00:00','2019-10-27 00:00:00',NULL,NULL,0),(1145,'2017-04-09 00:00:00','2017-04-11 00:00:00',NULL,NULL,0),(1146,'2018-10-21 00:00:00','2018-10-22 00:00:00',NULL,NULL,0),(1147,'2019-05-15 00:00:00','2019-08-15 00:00:00',NULL,NULL,0),(1148,'2018-04-10 00:00:00','2018-11-18 00:00:00',NULL,NULL,0),(1149,'2019-01-28 00:00:00','2019-01-29 00:00:00',NULL,NULL,0),(1150,'2017-06-22 00:00:00','2017-09-05 00:00:00',NULL,NULL,0),(1151,'2019-08-03 00:00:00','2019-09-21 00:00:00',NULL,NULL,0),(1152,'2017-01-21 00:00:00','2017-02-10 00:00:00',NULL,NULL,0),(1153,'2017-11-11 00:00:00','2017-11-18 00:00:00',NULL,NULL,0),(1154,'2018-10-14 00:00:00','2018-11-13 00:00:00',NULL,NULL,0),(1155,'2019-03-18 00:00:00','2019-07-17 00:00:00',NULL,NULL,0),(1156,'2017-10-11 00:00:00','2017-11-29 00:00:00',NULL,NULL,0),(1157,'2017-09-23 00:00:00','2017-09-24 00:00:00',NULL,NULL,0),(1158,'2018-10-13 00:00:00','2018-10-26 00:00:00',NULL,NULL,0),(1159,'2017-02-16 00:00:00','2017-02-18 00:00:00',NULL,NULL,0),(1160,'2017-02-02 00:00:00','2017-02-08 00:00:00',NULL,NULL,0),(1161,'2017-07-22 00:00:00','2017-11-20 00:00:00',NULL,NULL,0),(1162,'2019-04-09 00:00:00','2019-10-19 00:00:00',NULL,NULL,0),(1163,'2019-02-11 00:00:00','2019-10-01 00:00:00',NULL,NULL,0),(1164,'2018-04-06 00:00:00','2018-10-08 00:00:00',NULL,NULL,0),(1165,'2017-06-09 00:00:00','2017-07-16 00:00:00',NULL,NULL,0),(1166,'2017-06-14 00:00:00','2017-09-07 00:00:00',NULL,NULL,0),(1167,'2019-09-23 00:00:00','2019-10-25 00:00:00',NULL,NULL,0),(1168,'2019-05-04 00:00:00','2019-07-14 00:00:00',NULL,NULL,0),(1169,'2019-02-12 00:00:00','2019-04-17 00:00:00',NULL,NULL,0),(1170,'2018-08-19 00:00:00','2018-08-28 00:00:00',NULL,NULL,0),(1171,'2017-04-26 00:00:00','2017-09-10 00:00:00',NULL,NULL,0),(1172,'2019-09-15 00:00:00','2019-10-16 00:00:00',NULL,NULL,0),(1173,'2019-04-09 00:00:00','2019-10-24 00:00:00',NULL,NULL,0),(1174,'2019-02-14 00:00:00','2019-06-07 00:00:00',NULL,NULL,0),(1175,'2018-11-04 00:00:00','2018-11-24 00:00:00',NULL,NULL,0),(1176,'2018-05-09 00:00:00','2018-09-14 00:00:00',NULL,NULL,0),(1177,'2017-03-02 00:00:00','2017-09-14 00:00:00',NULL,NULL,0),(1178,'2018-03-30 00:00:00','2018-06-06 00:00:00',NULL,NULL,0),(1179,'2019-11-24 00:00:00','2019-11-29 00:00:00',NULL,NULL,0),(1180,'2018-02-25 00:00:00','2018-02-26 00:00:00',NULL,NULL,0),(1181,'2018-02-08 00:00:00','2018-06-07 00:00:00',NULL,NULL,0),(1182,'2019-06-26 00:00:00','2019-09-03 00:00:00',NULL,NULL,0),(1183,'2018-11-07 00:00:00','2018-11-16 00:00:00',NULL,NULL,0),(1184,'2017-11-02 00:00:00','2017-11-21 00:00:00',NULL,NULL,0),(1185,'2018-06-07 00:00:00','2018-09-21 00:00:00',NULL,NULL,0),(1186,'2017-01-06 00:00:00','2017-04-14 00:00:00',NULL,NULL,0),(1187,'2017-11-28 00:00:00','2017-11-29 00:00:00',NULL,NULL,0),(1188,'2017-11-07 00:00:00','2017-11-26 00:00:00',NULL,NULL,0),(1189,'2017-11-10 00:00:00','2017-11-26 00:00:00',NULL,NULL,0),(1190,'2018-11-09 00:00:00','2018-11-16 00:00:00',NULL,NULL,0),(1191,'2019-05-12 00:00:00','2019-10-28 00:00:00',NULL,NULL,0),(1192,'2017-05-24 00:00:00','2017-10-16 00:00:00',NULL,NULL,0),(1193,'2017-11-26 00:00:00','2017-11-29 00:00:00',NULL,NULL,0),(1194,'2019-10-02 00:00:00','2019-10-16 00:00:00',NULL,NULL,0),(1195,'2018-05-18 00:00:00','2018-11-18 00:00:00',NULL,NULL,0),(1196,'2017-01-22 00:00:00','2017-07-20 00:00:00',NULL,NULL,0),(1197,'2018-01-07 00:00:00','2018-02-21 00:00:00',NULL,NULL,0),(1198,'2017-04-19 00:00:00','2017-11-04 00:00:00',NULL,NULL,0),(1199,'2018-07-27 00:00:00','2018-09-19 00:00:00',NULL,NULL,0),(1200,'2017-02-16 00:00:00','2017-07-01 00:00:00',NULL,NULL,0),(1201,'2019-09-15 00:00:00','2019-10-13 00:00:00',NULL,NULL,0),(1202,'2019-03-01 00:00:00','2019-06-03 00:00:00',NULL,NULL,0),(1203,'2017-08-05 00:00:00','2017-08-27 00:00:00',NULL,NULL,0),(1204,'2019-04-18 00:00:00','2019-11-14 00:00:00',NULL,NULL,0),(1205,'2019-06-10 00:00:00','2019-07-01 00:00:00',NULL,NULL,0),(1206,'2017-06-20 00:00:00','2017-06-25 00:00:00',NULL,NULL,0),(1207,'2019-03-12 00:00:00','2019-11-27 00:00:00',NULL,NULL,0),(1208,'2018-06-11 00:00:00','2018-06-18 00:00:00',NULL,NULL,0),(1209,'2018-03-13 00:00:00','2018-08-02 00:00:00',NULL,NULL,0),(1210,'2017-01-15 00:00:00','2017-03-09 00:00:00',NULL,NULL,0),(1211,'2018-09-23 00:00:00','2018-09-28 00:00:00',NULL,NULL,0),(1212,'2018-07-30 00:00:00','2018-11-03 00:00:00',NULL,NULL,0),(1213,'2018-10-20 00:00:00','2018-10-30 00:00:00',NULL,NULL,0),(1214,'2019-04-19 00:00:00','2019-11-03 00:00:00',NULL,NULL,0),(1215,'2019-10-14 00:00:00','2019-10-19 00:00:00',NULL,NULL,0),(1216,'2019-03-28 00:00:00','2019-10-20 00:00:00',NULL,NULL,0),(1217,'2019-04-06 00:00:00','2019-08-09 00:00:00',NULL,NULL,0),(1218,'2018-09-19 00:00:00','2018-09-25 00:00:00',NULL,NULL,0),(1219,'2017-11-14 00:00:00','2017-11-22 00:00:00',NULL,NULL,0),(1220,'2018-09-13 00:00:00','2018-10-03 00:00:00',NULL,NULL,0),(1221,'2017-03-16 00:00:00','2017-09-12 00:00:00',NULL,NULL,0),(1222,'2019-10-07 00:00:00','2019-10-14 00:00:00',NULL,NULL,0),(1223,'2017-06-02 00:00:00','2017-11-16 00:00:00',NULL,NULL,0),(1224,'2017-06-18 00:00:00','2017-09-14 00:00:00',NULL,NULL,0),(1225,'2018-06-12 00:00:00','2018-08-02 00:00:00',NULL,NULL,0),(1226,'2017-01-26 00:00:00','2017-10-14 00:00:00',NULL,NULL,0),(1227,'2019-11-07 00:00:00','2019-11-29 00:00:00',NULL,NULL,0),(1228,'2017-11-11 00:00:00','2017-11-29 00:00:00',NULL,NULL,0),(1229,'2018-10-24 00:00:00','2018-11-22 00:00:00',NULL,NULL,0),(1230,'2017-07-27 00:00:00','2017-10-22 00:00:00',NULL,NULL,0),(1231,'2017-01-23 00:00:00','2017-04-28 00:00:00',NULL,NULL,0),(1232,'2018-11-04 00:00:00','2018-11-05 00:00:00',NULL,NULL,0),(1233,'2017-05-02 00:00:00','2017-07-17 00:00:00',NULL,NULL,0),(1234,'2019-10-16 00:00:00','2019-10-28 00:00:00',NULL,NULL,0),(1235,'2019-10-24 00:00:00','2019-11-22 00:00:00',NULL,NULL,0),(1236,'2019-01-18 00:00:00','2019-10-12 00:00:00',NULL,NULL,0),(1237,'2019-08-05 00:00:00','2019-11-22 00:00:00',NULL,NULL,0),(1238,'2019-06-10 00:00:00','2019-07-25 00:00:00',NULL,NULL,0),(1239,'2017-09-27 00:00:00','2017-10-13 00:00:00',NULL,NULL,0),(1240,'2017-05-29 00:00:00','2017-07-26 00:00:00',NULL,NULL,0),(1241,'2018-07-12 00:00:00','2018-07-16 00:00:00',NULL,NULL,0),(1242,'2018-03-08 00:00:00','2018-07-30 00:00:00',NULL,NULL,0),(1243,'2017-09-24 00:00:00','2017-11-11 00:00:00',NULL,NULL,0),(1244,'2019-07-06 00:00:00','2019-07-24 00:00:00',NULL,NULL,0),(1245,'2019-08-14 00:00:00','2019-11-27 00:00:00',NULL,NULL,0),(1246,'2017-02-01 00:00:00','2017-05-04 00:00:00',NULL,NULL,0),(1247,'2019-10-10 00:00:00','2019-10-19 00:00:00',NULL,NULL,0),(1248,'2017-04-07 00:00:00','2017-04-25 00:00:00',NULL,NULL,0),(1249,'2018-01-06 00:00:00','2018-09-03 00:00:00',NULL,NULL,0),(1250,'2018-09-01 00:00:00','2018-10-23 00:00:00',NULL,NULL,0),(1251,'2018-11-29 00:00:00','2018-11-30 00:00:00',NULL,NULL,0),(1252,'2017-09-28 00:00:00','2017-10-23 00:00:00',NULL,NULL,0),(1253,'2018-01-01 00:00:00','2018-09-09 00:00:00',NULL,NULL,0),(1254,'2019-07-01 00:00:00','2019-08-15 00:00:00',NULL,NULL,0),(1255,'2017-11-04 00:00:00','2017-11-26 00:00:00',NULL,NULL,0),(1256,'2019-10-17 00:00:00','2019-11-15 00:00:00',NULL,NULL,0),(1257,'2019-07-05 00:00:00','2019-09-02 00:00:00',NULL,NULL,0),(1258,'2018-09-13 00:00:00','2018-10-21 00:00:00',NULL,NULL,0),(1259,'2018-01-12 00:00:00','2018-10-19 00:00:00',NULL,NULL,0),(1260,'2018-06-02 00:00:00','2018-09-27 00:00:00',NULL,NULL,0),(1261,'2018-08-12 00:00:00','2018-09-27 00:00:00',NULL,NULL,0),(1262,'2019-07-24 00:00:00','2019-08-08 00:00:00',NULL,NULL,0),(1263,'2017-11-05 00:00:00','2017-11-26 00:00:00',NULL,NULL,0),(1264,'2017-09-23 00:00:00','2017-11-10 00:00:00',NULL,NULL,0),(1265,'2019-10-14 00:00:00','2019-11-08 00:00:00',NULL,NULL,0),(1266,'2018-07-06 00:00:00','2018-07-17 00:00:00',NULL,NULL,0),(1267,'2018-02-07 00:00:00','2018-11-22 00:00:00',NULL,NULL,0),(1268,'2017-09-08 00:00:00','2017-09-27 00:00:00',NULL,NULL,0),(1269,'2019-02-16 00:00:00','2019-06-03 00:00:00',NULL,NULL,0),(1270,'2018-02-07 00:00:00','2018-07-24 00:00:00',NULL,NULL,0),(1271,'2018-03-21 00:00:00','2018-05-26 00:00:00',NULL,NULL,0),(1272,'2018-07-08 00:00:00','2018-08-30 00:00:00',NULL,NULL,0),(1273,'2018-09-25 00:00:00','2018-11-16 00:00:00',NULL,NULL,0),(1274,'2017-05-24 00:00:00','2017-10-12 00:00:00',NULL,NULL,0),(1275,'2019-03-23 00:00:00','2019-04-06 00:00:00',NULL,NULL,0),(1276,'2017-08-18 00:00:00','2017-08-29 00:00:00',NULL,NULL,0),(1277,'2017-05-16 00:00:00','2017-11-22 00:00:00',NULL,NULL,0),(1278,'2018-03-29 00:00:00','2018-09-14 00:00:00',NULL,NULL,0),(1279,'2017-01-07 00:00:00','2017-09-21 00:00:00',NULL,NULL,0),(1280,'2017-09-28 00:00:00','2017-10-11 00:00:00',NULL,NULL,0),(1281,'2018-10-26 00:00:00','2018-10-27 00:00:00',NULL,NULL,0),(1282,'2019-02-08 00:00:00','2019-10-22 00:00:00',NULL,NULL,0),(1283,'2017-04-03 00:00:00','2017-04-22 00:00:00',NULL,NULL,0),(1284,'2019-01-05 00:00:00','2019-04-27 00:00:00',NULL,NULL,0),(1285,'2017-03-27 00:00:00','2017-10-05 00:00:00',NULL,NULL,0),(1286,'2018-06-14 00:00:00','2018-10-26 00:00:00',NULL,NULL,0),(1287,'2019-02-05 00:00:00','2019-07-01 00:00:00',NULL,NULL,0),(1288,'2017-04-23 00:00:00','2017-04-28 00:00:00',NULL,NULL,0),(1289,'2019-06-16 00:00:00','2019-11-27 00:00:00',NULL,NULL,0),(1290,'2019-03-27 00:00:00','2019-07-27 00:00:00',NULL,NULL,0),(1291,'2019-08-20 00:00:00','2019-09-12 00:00:00',NULL,NULL,0),(1292,'2019-03-02 00:00:00','2019-08-28 00:00:00',NULL,NULL,0),(1293,'2017-05-05 00:00:00','2017-05-10 00:00:00',NULL,NULL,0),(1294,'2018-11-19 00:00:00','2018-11-24 00:00:00',NULL,NULL,0),(1295,'2018-11-07 00:00:00','2018-11-12 00:00:00',NULL,NULL,0),(1296,'2017-11-12 00:00:00','2017-11-24 00:00:00',NULL,NULL,0),(1297,'2019-02-15 00:00:00','2019-08-01 00:00:00',NULL,NULL,0),(1298,'2018-06-02 00:00:00','2018-07-25 00:00:00',NULL,NULL,0),(1299,'2018-07-11 00:00:00','2018-08-12 00:00:00',NULL,NULL,0),(1300,'2017-05-01 00:00:00','2017-05-05 00:00:00',NULL,NULL,0),(1301,'2018-07-01 00:00:00','2018-08-25 00:00:00',NULL,NULL,0),(1302,'2019-11-17 00:00:00','2019-11-21 00:00:00',NULL,NULL,0),(1303,'2018-01-15 00:00:00','2018-11-17 00:00:00',NULL,NULL,0),(1304,'2018-01-12 00:00:00','2018-03-09 00:00:00',NULL,NULL,0),(1305,'2018-06-20 00:00:00','2018-06-28 00:00:00',NULL,NULL,0),(1306,'2019-09-04 00:00:00','2019-09-06 00:00:00',NULL,NULL,0),(1307,'2017-01-04 00:00:00','2017-09-05 00:00:00',NULL,NULL,0),(1308,'2018-06-25 00:00:00','2018-09-04 00:00:00',NULL,NULL,0),(1309,'2018-08-21 00:00:00','2018-10-26 00:00:00',NULL,NULL,0),(1310,'2017-02-01 00:00:00','2017-04-29 00:00:00',NULL,NULL,0),(1311,'2019-09-10 00:00:00','2019-11-13 00:00:00',NULL,NULL,0),(1312,'2017-07-11 00:00:00','2017-10-23 00:00:00',NULL,NULL,0),(1313,'2019-09-18 00:00:00','2019-09-29 00:00:00',NULL,NULL,0),(1314,'2019-01-12 00:00:00','2019-02-06 00:00:00',NULL,NULL,0),(1315,'2019-06-19 00:00:00','2019-09-07 00:00:00',NULL,NULL,0),(1316,'2019-07-08 00:00:00','2019-09-19 00:00:00',NULL,NULL,0),(1317,'2018-03-21 00:00:00','2018-04-27 00:00:00',NULL,NULL,0),(1318,'2018-02-09 00:00:00','2018-08-15 00:00:00',NULL,NULL,0),(1319,'2018-11-02 00:00:00','2018-11-04 00:00:00',NULL,NULL,0),(1320,'2019-09-26 00:00:00','2019-09-27 00:00:00',NULL,NULL,0),(1321,'2017-11-07 00:00:00','2017-11-28 00:00:00',NULL,NULL,0),(1322,'2019-10-21 00:00:00','2019-11-20 00:00:00',NULL,NULL,0),(1323,'2018-09-24 00:00:00','2018-11-25 00:00:00',NULL,NULL,0),(1324,'2018-10-22 00:00:00','2018-10-30 00:00:00',NULL,NULL,0),(1325,'2017-02-08 00:00:00','2017-11-03 00:00:00',NULL,NULL,0),(1326,'2017-10-12 00:00:00','2017-11-08 00:00:00',NULL,NULL,0),(1327,'2019-07-21 00:00:00','2019-09-04 00:00:00',NULL,NULL,0),(1328,'2019-05-09 00:00:00','2019-05-17 00:00:00',NULL,NULL,0),(1329,'2019-11-04 00:00:00','2019-11-27 00:00:00',NULL,NULL,0),(1330,'2017-04-10 00:00:00','2017-06-18 00:00:00',NULL,NULL,0),(1331,'2017-07-09 00:00:00','2017-10-26 00:00:00',NULL,NULL,0),(1332,'2019-03-13 00:00:00','2019-03-18 00:00:00',NULL,NULL,0),(1333,'2017-04-22 00:00:00','2017-11-20 00:00:00',NULL,NULL,0),(1334,'2018-01-06 00:00:00','2018-02-02 00:00:00',NULL,NULL,0),(1335,'2017-04-11 00:00:00','2017-07-04 00:00:00',NULL,NULL,0),(1336,'2017-08-09 00:00:00','2017-08-15 00:00:00',NULL,NULL,0),(1337,'2017-11-23 00:00:00','2017-11-28 00:00:00',NULL,NULL,0),(1338,'2017-10-19 00:00:00','2017-10-28 00:00:00',NULL,NULL,0),(1339,'2018-01-26 00:00:00','2018-08-22 00:00:00',NULL,NULL,0),(1340,'2018-01-28 00:00:00','2018-02-17 00:00:00',NULL,NULL,0),(1341,'2018-11-14 00:00:00','2018-11-26 00:00:00',NULL,NULL,0),(1342,'2019-01-16 00:00:00','2019-10-07 00:00:00',NULL,NULL,0),(1343,'2019-10-23 00:00:00','2019-10-30 00:00:00',NULL,NULL,0),(1344,'2018-06-10 00:00:00','2018-07-29 00:00:00',NULL,NULL,0),(1345,'2018-01-07 00:00:00','2018-03-02 00:00:00',NULL,NULL,0),(1346,'2017-07-02 00:00:00','2017-10-28 00:00:00',NULL,NULL,0),(1347,'2017-06-03 00:00:00','2017-07-10 00:00:00',NULL,NULL,0),(1348,'2017-01-23 00:00:00','2017-07-20 00:00:00',NULL,NULL,0),(1349,'2018-05-17 00:00:00','2018-05-22 00:00:00',NULL,NULL,0),(1350,'2018-04-02 00:00:00','2018-11-01 00:00:00',NULL,NULL,0),(1351,'2019-09-27 00:00:00','2019-09-28 00:00:00',NULL,NULL,0),(1352,'2018-07-14 00:00:00','2018-11-19 00:00:00',NULL,NULL,0),(1353,'2018-10-01 00:00:00','2018-11-13 00:00:00',NULL,NULL,0),(1354,'2019-03-13 00:00:00','2019-03-27 00:00:00',NULL,NULL,0),(1355,'2019-05-30 00:00:00','2019-07-06 00:00:00',NULL,NULL,0),(1356,'2019-01-17 00:00:00','2019-01-27 00:00:00',NULL,NULL,0),(1357,'2019-09-29 00:00:00','2019-10-02 00:00:00',NULL,NULL,0),(1358,'2019-02-05 00:00:00','2019-09-24 00:00:00',NULL,NULL,0),(1359,'2019-05-17 00:00:00','2019-05-30 00:00:00',NULL,NULL,0),(1360,'2017-03-16 00:00:00','2017-06-23 00:00:00',NULL,NULL,0),(1361,'2017-07-29 00:00:00','2017-09-08 00:00:00',NULL,NULL,0),(1362,'2018-01-12 00:00:00','2018-08-25 00:00:00',NULL,NULL,0),(1363,'2019-06-20 00:00:00','2019-10-26 00:00:00',NULL,NULL,0),(1364,'2017-07-24 00:00:00','2017-08-13 00:00:00',NULL,NULL,0),(1365,'2018-07-13 00:00:00','2018-09-17 00:00:00',NULL,NULL,0),(1366,'2018-01-04 00:00:00','2018-08-29 00:00:00',NULL,NULL,0),(1367,'2019-05-02 00:00:00','2019-05-13 00:00:00',NULL,NULL,0),(1368,'2018-04-03 00:00:00','2018-04-20 00:00:00',NULL,NULL,0),(1369,'2018-05-23 00:00:00','2018-06-22 00:00:00',NULL,NULL,0),(1370,'2017-07-01 00:00:00','2017-09-24 00:00:00',NULL,NULL,0),(1371,'2018-02-16 00:00:00','2018-03-22 00:00:00',NULL,NULL,0),(1372,'2019-11-15 00:00:00','2019-11-28 00:00:00',NULL,NULL,0),(1373,'2018-05-15 00:00:00','2018-11-13 00:00:00',NULL,NULL,0),(1374,'2018-05-26 00:00:00','2018-11-20 00:00:00',NULL,NULL,0),(1375,'2019-04-28 00:00:00','2019-06-11 00:00:00',NULL,NULL,0),(1376,'2019-10-25 00:00:00','2019-11-01 00:00:00',NULL,NULL,0),(1377,'2019-03-03 00:00:00','2019-05-10 00:00:00',NULL,NULL,0),(1378,'2018-07-30 00:00:00','2018-11-27 00:00:00',NULL,NULL,0),(1379,'2017-04-26 00:00:00','2017-10-04 00:00:00',NULL,NULL,0),(1380,'2017-02-06 00:00:00','2017-04-22 00:00:00',NULL,NULL,0),(1381,'2018-02-04 00:00:00','2018-07-08 00:00:00',NULL,NULL,0),(1382,'2017-03-20 00:00:00','2017-11-17 00:00:00',NULL,NULL,0),(1383,'2018-01-24 00:00:00','2018-01-27 00:00:00',NULL,NULL,0),(1384,'2017-10-28 00:00:00','2017-10-30 00:00:00',NULL,NULL,0),(1385,'2018-01-20 00:00:00','2018-06-20 00:00:00',NULL,NULL,0),(1386,'2018-07-13 00:00:00','2018-07-19 00:00:00',NULL,NULL,0),(1387,'2018-08-13 00:00:00','2018-11-10 00:00:00',NULL,NULL,0),(1388,'2017-05-22 00:00:00','2017-05-23 00:00:00',NULL,NULL,0),(1389,'2018-01-03 00:00:00','2018-04-18 00:00:00',NULL,NULL,0),(1390,'2019-05-03 00:00:00','2019-06-03 00:00:00',NULL,NULL,0),(1391,'2017-04-10 00:00:00','2017-09-23 00:00:00',NULL,NULL,0),(1392,'2018-02-21 00:00:00','2018-02-24 00:00:00',NULL,NULL,0),(1393,'2017-03-14 00:00:00','2017-05-08 00:00:00',NULL,NULL,0),(1394,'2017-08-10 00:00:00','2017-10-11 00:00:00',NULL,NULL,0),(1395,'2017-02-24 00:00:00','2017-06-24 00:00:00',NULL,NULL,0),(1396,'2018-09-13 00:00:00','2018-09-15 00:00:00',NULL,NULL,0),(1397,'2019-05-04 00:00:00','2019-07-24 00:00:00',NULL,NULL,0),(1398,'2017-06-11 00:00:00','2017-07-29 00:00:00',NULL,NULL,0),(1399,'2017-04-03 00:00:00','2017-05-20 00:00:00',NULL,NULL,0),(1400,'2018-01-18 00:00:00','2018-08-02 00:00:00',NULL,NULL,0),(1401,'2019-08-18 00:00:00','2019-11-15 00:00:00',NULL,NULL,0),(1402,'2019-03-12 00:00:00','2019-05-10 00:00:00',NULL,NULL,0),(1403,'2018-10-19 00:00:00','2018-11-26 00:00:00',NULL,NULL,0),(1404,'2017-02-14 00:00:00','2017-10-04 00:00:00',NULL,NULL,0),(1405,'2018-04-14 00:00:00','2018-09-14 00:00:00',NULL,NULL,0),(1406,'2019-09-17 00:00:00','2019-11-14 00:00:00',NULL,NULL,0),(1407,'2017-05-27 00:00:00','2017-09-12 00:00:00',NULL,NULL,0),(1408,'2017-07-25 00:00:00','2017-07-27 00:00:00',NULL,NULL,0),(1409,'2018-10-19 00:00:00','2018-10-27 00:00:00',NULL,NULL,0),(1410,'2017-03-18 00:00:00','2017-11-25 00:00:00',NULL,NULL,0),(1411,'2019-05-14 00:00:00','2019-08-24 00:00:00',NULL,NULL,0),(1412,'2017-11-01 00:00:00','2017-11-17 00:00:00',NULL,NULL,0),(1413,'2018-06-05 00:00:00','2018-06-15 00:00:00',NULL,NULL,0),(1414,'2019-11-14 00:00:00','2019-11-26 00:00:00',NULL,NULL,0),(1415,'2017-08-28 00:00:00','2017-10-07 00:00:00',NULL,NULL,0),(1416,'2019-02-17 00:00:00','2019-09-02 00:00:00',NULL,NULL,0),(1417,'2018-07-02 00:00:00','2018-07-11 00:00:00',NULL,NULL,0),(1418,'2019-01-06 00:00:00','2019-01-19 00:00:00',NULL,NULL,0),(1419,'2018-09-23 00:00:00','2018-09-28 00:00:00',NULL,NULL,0),(1420,'2017-09-24 00:00:00','2017-09-25 00:00:00',NULL,NULL,0),(1421,'2017-09-02 00:00:00','2017-10-30 00:00:00',NULL,NULL,0),(1422,'2017-08-17 00:00:00','2017-09-23 00:00:00',NULL,NULL,0),(1423,'2019-06-13 00:00:00','2019-11-13 00:00:00',NULL,NULL,0),(1424,'2019-08-28 00:00:00','2019-08-29 00:00:00',NULL,NULL,0),(1425,'2019-01-13 00:00:00','2019-11-03 00:00:00',NULL,NULL,0),(1426,'2017-07-09 00:00:00','2017-10-25 00:00:00',NULL,NULL,0),(1427,'2019-01-18 00:00:00','2019-04-17 00:00:00',NULL,NULL,0),(1428,'2017-02-26 00:00:00','2017-03-30 00:00:00',NULL,NULL,0),(1429,'2017-07-01 00:00:00','2017-09-14 00:00:00',NULL,NULL,0),(1430,'2018-06-17 00:00:00','2018-07-24 00:00:00',NULL,NULL,0),(1431,'2019-03-05 00:00:00','2019-08-09 00:00:00',NULL,NULL,0),(1432,'2019-05-10 00:00:00','2019-08-23 00:00:00',NULL,NULL,0),(1433,'2019-06-21 00:00:00','2019-11-05 00:00:00',NULL,NULL,0),(1434,'2018-09-11 00:00:00','2018-10-15 00:00:00',NULL,NULL,0),(1435,'2019-10-28 00:00:00','2019-10-29 00:00:00',NULL,NULL,0),(1436,'2018-09-17 00:00:00','2018-09-19 00:00:00',NULL,NULL,0),(1437,'2017-01-22 00:00:00','2017-01-25 00:00:00',NULL,NULL,0),(1438,'2017-11-24 00:00:00','2017-11-25 00:00:00',NULL,NULL,0),(1439,'2019-04-04 00:00:00','2019-04-20 00:00:00',NULL,NULL,0),(1440,'2017-08-12 00:00:00','2017-10-23 00:00:00',NULL,NULL,0),(1441,'2019-07-07 00:00:00','2019-07-16 00:00:00',NULL,NULL,0),(1442,'2019-09-20 00:00:00','2019-11-23 00:00:00',NULL,NULL,0),(1443,'2019-11-03 00:00:00','2019-11-21 00:00:00',NULL,NULL,0),(1444,'2017-04-06 00:00:00','2017-09-03 00:00:00',NULL,NULL,0),(1445,'2017-11-28 00:00:00','2017-11-29 00:00:00',NULL,NULL,0),(1446,'2018-05-10 00:00:00','2018-11-18 00:00:00',NULL,NULL,0),(1447,'2017-08-11 00:00:00','2017-10-22 00:00:00',NULL,NULL,0),(1448,'2018-08-02 00:00:00','2018-08-11 00:00:00',NULL,NULL,0),(1449,'2017-03-22 00:00:00','2017-04-01 00:00:00',NULL,NULL,0),(1450,'2019-01-19 00:00:00','2019-08-04 00:00:00',NULL,NULL,0),(1451,'2018-08-29 00:00:00','2018-09-10 00:00:00',NULL,NULL,0),(1452,'2018-03-01 00:00:00','2018-05-09 00:00:00',NULL,NULL,0),(1453,'2018-10-14 00:00:00','2018-11-22 00:00:00',NULL,NULL,0),(1454,'2019-07-03 00:00:00','2019-11-24 00:00:00',NULL,NULL,0),(1455,'2017-04-02 00:00:00','2017-06-07 00:00:00',NULL,NULL,0),(1456,'2019-03-27 00:00:00','2019-03-29 00:00:00',NULL,NULL,0),(1457,'2018-10-29 00:00:00','2018-11-07 00:00:00',NULL,NULL,0),(1458,'2017-08-01 00:00:00','2017-11-15 00:00:00',NULL,NULL,0),(1459,'2019-07-10 00:00:00','2019-10-04 00:00:00',NULL,NULL,0),(1460,'2019-02-16 00:00:00','2019-02-22 00:00:00',NULL,NULL,0),(1461,'2019-02-06 00:00:00','2019-11-06 00:00:00',NULL,NULL,0),(1462,'2018-01-11 00:00:00','2018-03-05 00:00:00',NULL,NULL,0),(1463,'2019-02-20 00:00:00','2019-02-22 00:00:00',NULL,NULL,0),(1464,'2018-10-19 00:00:00','2018-10-27 00:00:00',NULL,NULL,0),(1465,'2018-06-20 00:00:00','2018-06-29 00:00:00',NULL,NULL,0),(1466,'2018-05-21 00:00:00','2018-08-29 00:00:00',NULL,NULL,0),(1467,'2017-07-04 00:00:00','2017-11-21 00:00:00',NULL,NULL,0),(1468,'2018-07-17 00:00:00','2018-10-15 00:00:00',NULL,NULL,0),(1469,'2018-01-09 00:00:00','2018-07-15 00:00:00',NULL,NULL,0),(1470,'2017-04-27 00:00:00','2017-07-19 00:00:00',NULL,NULL,0),(1471,'2018-11-03 00:00:00','2018-11-28 00:00:00',NULL,NULL,0),(1472,'2017-10-23 00:00:00','2017-11-27 00:00:00',NULL,NULL,0),(1473,'2018-05-26 00:00:00','2018-10-16 00:00:00',NULL,NULL,0),(1474,'2019-05-26 00:00:00','2019-07-24 00:00:00',NULL,NULL,0),(1475,'2018-05-16 00:00:00','2018-05-30 00:00:00',NULL,NULL,0),(1476,'2019-02-27 00:00:00','2019-06-02 00:00:00',NULL,NULL,0),(1477,'2019-06-14 00:00:00','2019-08-04 00:00:00',NULL,NULL,0),(1478,'2017-09-01 00:00:00','2017-09-14 00:00:00',NULL,NULL,0),(1479,'2018-07-28 00:00:00','2018-09-12 00:00:00',NULL,NULL,0),(1480,'2018-08-04 00:00:00','2018-10-09 00:00:00',NULL,NULL,0),(1481,'2018-01-26 00:00:00','2018-08-26 00:00:00',NULL,NULL,0),(1482,'2018-04-01 00:00:00','2018-04-06 00:00:00',NULL,NULL,0),(1483,'2018-04-22 00:00:00','2018-09-20 00:00:00',NULL,NULL,0),(1484,'2017-09-07 00:00:00','2017-10-13 00:00:00',NULL,NULL,0),(1485,'2017-06-14 00:00:00','2017-08-30 00:00:00',NULL,NULL,0),(1486,'2017-06-29 00:00:00','2017-09-08 00:00:00',NULL,NULL,0),(1487,'2017-05-30 00:00:00','2017-09-24 00:00:00',NULL,NULL,0),(1488,'2018-04-23 00:00:00','2018-09-08 00:00:00',NULL,NULL,0),(1489,'2019-08-11 00:00:00','2019-08-14 00:00:00',NULL,NULL,0),(1490,'2019-04-25 00:00:00','2019-10-17 00:00:00',NULL,NULL,0),(1491,'2018-03-08 00:00:00','2018-05-05 00:00:00',NULL,NULL,0),(1492,'2018-10-16 00:00:00','2018-10-27 00:00:00',NULL,NULL,0),(1493,'2019-10-27 00:00:00','2019-10-29 00:00:00',NULL,NULL,0),(1494,'2019-09-16 00:00:00','2019-11-08 00:00:00',NULL,NULL,0),(1495,'2017-08-07 00:00:00','2017-10-25 00:00:00',NULL,NULL,0),(1496,'2017-07-05 00:00:00','2017-07-21 00:00:00',NULL,NULL,0),(1497,'2017-01-20 00:00:00','2017-11-08 00:00:00',NULL,NULL,0),(1498,'2017-08-27 00:00:00','2017-08-30 00:00:00',NULL,NULL,0),(1499,'2019-11-22 00:00:00','2019-11-27 00:00:00',NULL,NULL,0),(1500,'2017-08-16 00:00:00','2017-08-18 00:00:00',NULL,NULL,0),(1501,'2018-01-04 00:00:00','2018-10-19 00:00:00',NULL,NULL,0),(1502,'2019-03-17 00:00:00','2019-06-20 00:00:00',NULL,NULL,0),(1503,'2019-07-03 00:00:00','2019-09-27 00:00:00',NULL,NULL,0),(1504,'2018-04-14 00:00:00','2018-06-16 00:00:00',NULL,NULL,0),(1505,'2019-10-08 00:00:00','2019-10-28 00:00:00',NULL,NULL,0),(1506,'2017-03-01 00:00:00','2017-04-25 00:00:00',NULL,NULL,0),(1507,'2018-10-01 00:00:00','2018-11-21 00:00:00',NULL,NULL,0),(1508,'2018-01-13 00:00:00','2018-02-08 00:00:00',NULL,NULL,0),(1509,'2019-09-18 00:00:00','2019-11-13 00:00:00',NULL,NULL,0),(1510,'2019-10-24 00:00:00','2019-11-10 00:00:00',NULL,NULL,0),(1511,'2017-11-10 00:00:00','2017-11-16 00:00:00',NULL,NULL,0),(1512,'2018-11-02 00:00:00','2018-11-13 00:00:00',NULL,NULL,0),(1513,'2019-01-06 00:00:00','2019-01-28 00:00:00',NULL,NULL,0),(1514,'2018-03-08 00:00:00','2018-06-19 00:00:00',NULL,NULL,0),(1515,'2018-06-10 00:00:00','2018-07-29 00:00:00',NULL,NULL,0),(1516,'2018-11-13 00:00:00','2018-11-26 00:00:00',NULL,NULL,0),(1517,'2018-04-05 00:00:00','2018-08-16 00:00:00',NULL,NULL,0),(1518,'2018-02-20 00:00:00','2018-02-23 00:00:00',NULL,NULL,0),(1519,'2017-03-25 00:00:00','2017-03-27 00:00:00',NULL,NULL,0),(1520,'2019-02-09 00:00:00','2019-09-24 00:00:00',NULL,NULL,0),(1521,'2017-06-12 00:00:00','2017-08-05 00:00:00',NULL,NULL,0),(1522,'2018-10-14 00:00:00','2018-11-06 00:00:00',NULL,NULL,0),(1523,'2018-09-15 00:00:00','2018-11-19 00:00:00',NULL,NULL,0),(1524,'2017-03-02 00:00:00','2017-06-22 00:00:00',NULL,NULL,0),(1525,'2019-06-20 00:00:00','2019-07-07 00:00:00',NULL,NULL,0),(1526,'2018-06-04 00:00:00','2018-08-14 00:00:00',NULL,NULL,0),(1527,'2018-02-11 00:00:00','2018-02-24 00:00:00',NULL,NULL,0),(1528,'2017-09-29 00:00:00','2017-10-29 00:00:00',NULL,NULL,0),(1529,'2018-05-17 00:00:00','2018-05-21 00:00:00',NULL,NULL,0),(1530,'2019-01-09 00:00:00','2019-07-06 00:00:00',NULL,NULL,0),(1531,'2019-05-17 00:00:00','2019-09-23 00:00:00',NULL,NULL,0),(1532,'2017-10-18 00:00:00','2017-11-18 00:00:00',NULL,NULL,0),(1533,'2017-01-01 00:00:00','2017-11-24 00:00:00',NULL,NULL,0),(1534,'2019-07-08 00:00:00','2019-10-13 00:00:00',NULL,NULL,0),(1535,'2018-05-27 00:00:00','2018-05-30 00:00:00',NULL,NULL,0),(1536,'2017-01-22 00:00:00','2017-07-21 00:00:00',NULL,NULL,0),(1537,'2017-01-06 00:00:00','2017-03-05 00:00:00',NULL,NULL,0),(1538,'2017-07-04 00:00:00','2017-07-12 00:00:00',NULL,NULL,0),(1539,'2019-11-09 00:00:00','2019-11-11 00:00:00',NULL,NULL,0),(1540,'2019-04-12 00:00:00','2019-10-30 00:00:00',NULL,NULL,0),(1541,'2019-04-11 00:00:00','2019-07-30 00:00:00',NULL,NULL,0),(1542,'2019-04-09 00:00:00','2019-09-19 00:00:00',NULL,NULL,0),(1543,'2019-06-18 00:00:00','2019-09-16 00:00:00',NULL,NULL,0),(1544,'2017-07-27 00:00:00','2017-07-28 00:00:00',NULL,NULL,0),(1545,'2017-02-25 00:00:00','2017-11-03 00:00:00',NULL,NULL,0),(1546,'2017-02-27 00:00:00','2017-04-23 00:00:00',NULL,NULL,0),(1547,'2018-03-12 00:00:00','2018-11-06 00:00:00',NULL,NULL,0),(1548,'2019-11-11 00:00:00','2019-11-16 00:00:00',NULL,NULL,0),(1549,'2019-04-15 00:00:00','2019-09-19 00:00:00',NULL,NULL,0),(1550,'2017-09-15 00:00:00','2017-10-20 00:00:00',NULL,NULL,0),(1551,'2019-04-08 00:00:00','2019-09-26 00:00:00',NULL,NULL,0),(1552,'2017-06-09 00:00:00','2017-10-05 00:00:00',NULL,NULL,0),(1553,'2018-03-07 00:00:00','2018-06-07 00:00:00',NULL,NULL,0),(1554,'2017-01-22 00:00:00','2017-01-26 00:00:00',NULL,NULL,0),(1555,'2019-10-04 00:00:00','2019-10-14 00:00:00',NULL,NULL,0),(1556,'2019-08-14 00:00:00','2019-10-02 00:00:00',NULL,NULL,0),(1557,'2018-04-05 00:00:00','2018-10-30 00:00:00',NULL,NULL,0),(1558,'2017-01-01 00:00:00','2017-04-21 00:00:00',NULL,NULL,0),(1559,'2019-07-23 00:00:00','2019-11-07 00:00:00',NULL,NULL,0),(1560,'2018-09-08 00:00:00','2018-11-21 00:00:00',NULL,NULL,0),(1561,'2018-04-12 00:00:00','2018-05-02 00:00:00',NULL,NULL,0),(1562,'2019-03-14 00:00:00','2019-07-30 00:00:00',NULL,NULL,0),(1563,'2017-08-13 00:00:00','2017-08-29 00:00:00',NULL,NULL,0),(1564,'2018-11-01 00:00:00','2018-11-07 00:00:00',NULL,NULL,0),(1565,'2017-08-09 00:00:00','2017-10-18 00:00:00',NULL,NULL,0),(1566,'2019-06-23 00:00:00','2019-10-18 00:00:00',NULL,NULL,0),(1567,'2018-06-16 00:00:00','2018-06-17 00:00:00',NULL,NULL,0),(1568,'2017-02-15 00:00:00','2017-11-19 00:00:00',NULL,NULL,0),(1569,'2017-05-04 00:00:00','2017-05-22 00:00:00',NULL,NULL,0),(1570,'2019-08-14 00:00:00','2019-11-03 00:00:00',NULL,NULL,0),(1571,'2019-08-29 00:00:00','2019-11-25 00:00:00',NULL,NULL,0),(1572,'2017-05-01 00:00:00','2017-09-19 00:00:00',NULL,NULL,0),(1573,'2017-02-01 00:00:00','2017-03-07 00:00:00',NULL,NULL,0),(1574,'2019-01-15 00:00:00','2019-09-25 00:00:00',NULL,NULL,0),(1575,'2018-10-04 00:00:00','2018-10-09 00:00:00',NULL,NULL,0),(1576,'2018-08-19 00:00:00','2018-11-23 00:00:00',NULL,NULL,0),(1577,'2019-04-16 00:00:00','2019-09-21 00:00:00',NULL,NULL,0),(1578,'2018-07-22 00:00:00','2018-07-27 00:00:00',NULL,NULL,0),(1579,'2018-07-19 00:00:00','2018-10-03 00:00:00',NULL,NULL,0),(1580,'2018-07-03 00:00:00','2018-11-26 00:00:00',NULL,NULL,0),(1581,'2017-08-02 00:00:00','2017-11-19 00:00:00',NULL,NULL,0),(1582,'2019-06-03 00:00:00','2019-06-04 00:00:00',NULL,NULL,0),(1583,'2019-09-17 00:00:00','2019-11-05 00:00:00',NULL,NULL,0),(1584,'2018-02-23 00:00:00','2018-06-12 00:00:00',NULL,NULL,0),(1585,'2018-09-26 00:00:00','2018-09-28 00:00:00',NULL,NULL,0),(1586,'2018-05-19 00:00:00','2018-10-11 00:00:00',NULL,NULL,0),(1587,'2018-11-08 00:00:00','2018-11-22 00:00:00',NULL,NULL,0),(1588,'2017-10-07 00:00:00','2017-11-29 00:00:00',NULL,NULL,0),(1589,'2018-06-06 00:00:00','2018-07-22 00:00:00',NULL,NULL,0),(1590,'2018-02-07 00:00:00','2018-04-09 00:00:00',NULL,NULL,0),(1591,'2019-01-19 00:00:00','2019-10-09 00:00:00',NULL,NULL,0),(1592,'2017-08-15 00:00:00','2017-10-12 00:00:00',NULL,NULL,0),(1593,'2019-03-09 00:00:00','2019-03-24 00:00:00',NULL,NULL,0),(1594,'2017-09-18 00:00:00','2017-10-30 00:00:00',NULL,NULL,0),(1595,'2018-01-29 00:00:00','2018-08-05 00:00:00',NULL,NULL,0),(1596,'2019-08-18 00:00:00','2019-09-01 00:00:00',NULL,NULL,0),(1597,'2018-07-22 00:00:00','2018-11-15 00:00:00',NULL,NULL,0),(1598,'2017-10-17 00:00:00','2017-11-15 00:00:00',NULL,NULL,0),(1599,'2017-06-11 00:00:00','2017-10-26 00:00:00',NULL,NULL,0),(1600,'2018-02-14 00:00:00','2018-03-21 00:00:00',NULL,NULL,0),(1601,'2017-02-23 00:00:00','2017-06-03 00:00:00',NULL,NULL,0),(1602,'2018-03-03 00:00:00','2018-05-21 00:00:00',NULL,NULL,0),(1603,'2019-11-03 00:00:00','2019-11-22 00:00:00',NULL,NULL,0),(1604,'2017-05-28 00:00:00','2017-08-23 00:00:00',NULL,NULL,0),(1605,'2017-10-30 00:00:00','2017-10-31 00:00:00',NULL,NULL,0),(1606,'2017-09-29 00:00:00','2017-11-25 00:00:00',NULL,NULL,0),(1607,'2017-05-05 00:00:00','2017-10-09 00:00:00',NULL,NULL,0),(1608,'2017-03-03 00:00:00','2017-09-29 00:00:00',NULL,NULL,0),(1609,'2019-03-23 00:00:00','2019-08-02 00:00:00',NULL,NULL,0),(1610,'2019-09-06 00:00:00','2019-10-09 00:00:00',NULL,NULL,0),(1611,'2019-03-18 00:00:00','2019-04-29 00:00:00',NULL,NULL,0),(1612,'2018-06-22 00:00:00','2018-08-18 00:00:00',NULL,NULL,0),(1613,'2019-07-27 00:00:00','2019-07-29 00:00:00',NULL,NULL,0),(1614,'2019-01-13 00:00:00','2019-06-22 00:00:00',NULL,NULL,0),(1615,'2019-01-21 00:00:00','2019-03-23 00:00:00',NULL,NULL,0),(1616,'2018-03-13 00:00:00','2018-10-16 00:00:00',NULL,NULL,0),(1617,'2019-10-26 00:00:00','2019-11-21 00:00:00',NULL,NULL,0),(1618,'2017-11-27 00:00:00','2017-11-29 00:00:00',NULL,NULL,0),(1619,'2017-08-11 00:00:00','2017-09-03 00:00:00',NULL,NULL,0),(1620,'2017-06-16 00:00:00','2017-06-19 00:00:00',NULL,NULL,0),(1621,'2018-09-17 00:00:00','2018-09-19 00:00:00',NULL,NULL,0),(1622,'2017-04-23 00:00:00','2017-07-28 00:00:00',NULL,NULL,0),(1623,'2018-07-21 00:00:00','2018-07-25 00:00:00',NULL,NULL,0),(1624,'2017-04-05 00:00:00','2017-06-18 00:00:00',NULL,NULL,0),(1625,'2018-03-14 00:00:00','2018-06-29 00:00:00',NULL,NULL,0),(1626,'2017-11-20 00:00:00','2017-11-23 00:00:00',NULL,NULL,0),(1627,'2019-03-06 00:00:00','2019-05-06 00:00:00',NULL,NULL,0),(1628,'2019-11-06 00:00:00','2019-11-26 00:00:00',NULL,NULL,0),(1629,'2018-03-02 00:00:00','2018-05-04 00:00:00',NULL,NULL,0),(1630,'2019-03-26 00:00:00','2019-06-08 00:00:00',NULL,NULL,0),(1631,'2018-07-10 00:00:00','2018-08-22 00:00:00',NULL,NULL,0),(1632,'2019-09-12 00:00:00','2019-11-28 00:00:00',NULL,NULL,0),(1633,'2017-08-21 00:00:00','2017-11-07 00:00:00',NULL,NULL,0),(1634,'2019-09-02 00:00:00','2019-10-27 00:00:00',NULL,NULL,0),(1635,'2019-05-02 00:00:00','2019-11-05 00:00:00',NULL,NULL,0),(1636,'2017-07-26 00:00:00','2017-08-27 00:00:00',NULL,NULL,0),(1637,'2017-04-16 00:00:00','2017-07-10 00:00:00',NULL,NULL,0),(1638,'2017-10-27 00:00:00','2017-11-01 00:00:00',NULL,NULL,0),(1639,'2018-06-25 00:00:00','2018-09-18 00:00:00',NULL,NULL,0),(1640,'2018-07-23 00:00:00','2018-09-20 00:00:00',NULL,NULL,0),(1641,'2019-08-25 00:00:00','2019-08-26 00:00:00',NULL,NULL,0),(1642,'2018-06-26 00:00:00','2018-07-24 00:00:00',NULL,NULL,0),(1643,'2018-01-11 00:00:00','2018-03-16 00:00:00',NULL,NULL,0),(1644,'2019-01-26 00:00:00','2019-07-25 00:00:00',NULL,NULL,0),(1645,'2017-08-05 00:00:00','2017-09-26 00:00:00',NULL,NULL,0),(1646,'2019-04-16 00:00:00','2019-09-07 00:00:00',NULL,NULL,0),(1647,'2019-05-05 00:00:00','2019-08-27 00:00:00',NULL,NULL,0),(1648,'2017-04-20 00:00:00','2017-07-28 00:00:00',NULL,NULL,0),(1649,'2019-02-16 00:00:00','2019-03-05 00:00:00',NULL,NULL,0),(1650,'2019-06-26 00:00:00','2019-08-13 00:00:00',NULL,NULL,0),(1651,'2019-03-14 00:00:00','2019-09-19 00:00:00',NULL,NULL,0),(1652,'2019-07-15 00:00:00','2019-07-16 00:00:00',NULL,NULL,0),(1653,'2017-09-22 00:00:00','2017-10-27 00:00:00',NULL,NULL,0),(1654,'2017-01-13 00:00:00','2017-06-18 00:00:00',NULL,NULL,0),(1655,'2017-10-24 00:00:00','2017-10-28 00:00:00',NULL,NULL,0),(1656,'2017-04-11 00:00:00','2017-04-24 00:00:00',NULL,NULL,0),(1657,'2017-02-19 00:00:00','2017-07-27 00:00:00',NULL,NULL,0),(1658,'2019-02-11 00:00:00','2019-02-24 00:00:00',NULL,NULL,0),(1659,'2019-03-08 00:00:00','2019-04-08 00:00:00',NULL,NULL,0),(1660,'2018-06-22 00:00:00','2018-10-24 00:00:00',NULL,NULL,0),(1661,'2019-04-29 00:00:00','2019-11-14 00:00:00',NULL,NULL,0),(1662,'2017-11-17 00:00:00','2017-11-18 00:00:00',NULL,NULL,0),(1663,'2017-07-09 00:00:00','2017-10-03 00:00:00',NULL,NULL,0),(1664,'2019-04-09 00:00:00','2019-06-09 00:00:00',NULL,NULL,0),(1665,'2018-09-12 00:00:00','2018-10-25 00:00:00',NULL,NULL,0),(1666,'2017-07-09 00:00:00','2017-09-14 00:00:00',NULL,NULL,0),(1667,'2018-02-09 00:00:00','2018-07-07 00:00:00',NULL,NULL,0),(1668,'2017-06-10 00:00:00','2017-11-09 00:00:00',NULL,NULL,0),(1669,'2019-02-01 00:00:00','2019-05-16 00:00:00',NULL,NULL,0),(1670,'2019-11-20 00:00:00','2019-11-26 00:00:00',NULL,NULL,0),(1671,'2018-11-27 00:00:00','2018-11-28 00:00:00',NULL,NULL,0),(1672,'2019-02-19 00:00:00','2019-03-26 00:00:00',NULL,NULL,0),(1673,'2018-09-16 00:00:00','2018-10-16 00:00:00',NULL,NULL,0),(1674,'2017-06-09 00:00:00','2017-10-14 00:00:00',NULL,NULL,0),(1675,'2018-07-05 00:00:00','2018-11-20 00:00:00',NULL,NULL,0),(1676,'2017-08-11 00:00:00','2017-08-29 00:00:00',NULL,NULL,0),(1677,'2019-08-17 00:00:00','2019-11-19 00:00:00',NULL,NULL,0),(1678,'2019-02-08 00:00:00','2019-10-15 00:00:00',NULL,NULL,0),(1679,'2017-07-01 00:00:00','2017-11-02 00:00:00',NULL,NULL,0),(1680,'2018-04-26 00:00:00','2018-07-20 00:00:00',NULL,NULL,0),(1681,'2017-09-11 00:00:00','2017-09-28 00:00:00',NULL,NULL,0),(1682,'2017-01-05 00:00:00','2017-03-05 00:00:00',NULL,NULL,0),(1683,'2018-05-14 00:00:00','2018-06-20 00:00:00',NULL,NULL,0),(1684,'2017-08-07 00:00:00','2017-11-26 00:00:00',NULL,NULL,0),(1685,'2017-11-20 00:00:00','2017-11-24 00:00:00',NULL,NULL,0),(1686,'2017-07-29 00:00:00','2017-10-14 00:00:00',NULL,NULL,0),(1687,'2019-10-12 00:00:00','2019-10-15 00:00:00',NULL,NULL,0),(1688,'2017-04-19 00:00:00','2017-10-14 00:00:00',NULL,NULL,0),(1689,'2018-11-28 00:00:00','2018-11-29 00:00:00',NULL,NULL,0),(1690,'2019-06-27 00:00:00','2019-09-26 00:00:00',NULL,NULL,0),(1691,'2018-06-09 00:00:00','2018-09-22 00:00:00',NULL,NULL,0),(1692,'2017-07-02 00:00:00','2017-11-19 00:00:00',NULL,NULL,0),(1693,'2017-03-17 00:00:00','2017-09-20 00:00:00',NULL,NULL,0),(1694,'2019-05-22 00:00:00','2019-09-11 00:00:00',NULL,NULL,0),(1695,'2018-08-25 00:00:00','2018-10-20 00:00:00',NULL,NULL,0),(1696,'2018-08-07 00:00:00','2018-08-19 00:00:00',NULL,NULL,0),(1697,'2017-07-30 00:00:00','2017-07-31 00:00:00',NULL,NULL,0),(1698,'2018-07-11 00:00:00','2018-11-20 00:00:00',NULL,NULL,0),(1699,'2018-01-23 00:00:00','2018-07-24 00:00:00',NULL,NULL,0),(1700,'2017-04-09 00:00:00','2017-10-16 00:00:00',NULL,NULL,0),(1701,'2018-11-04 00:00:00','2018-11-06 00:00:00',NULL,NULL,0),(1702,'2017-11-29 00:00:00','2017-11-30 00:00:00',NULL,NULL,0),(1703,'2018-07-03 00:00:00','2018-08-25 00:00:00',NULL,NULL,0),(1704,'2017-06-20 00:00:00','2017-11-20 00:00:00',NULL,NULL,0),(1705,'2017-09-12 00:00:00','2017-10-12 00:00:00',NULL,NULL,0),(1706,'2017-01-09 00:00:00','2017-02-01 00:00:00',NULL,NULL,0),(1707,'2018-05-05 00:00:00','2018-05-23 00:00:00',NULL,NULL,0),(1708,'2018-04-05 00:00:00','2018-04-14 00:00:00',NULL,NULL,0),(1709,'2017-04-05 00:00:00','2017-06-02 00:00:00',NULL,NULL,0),(1710,'2018-05-02 00:00:00','2018-11-12 00:00:00',NULL,NULL,0),(1711,'2018-05-26 00:00:00','2018-11-13 00:00:00',NULL,NULL,0),(1712,'2018-08-14 00:00:00','2018-08-24 00:00:00',NULL,NULL,0),(1713,'2017-02-19 00:00:00','2017-08-29 00:00:00',NULL,NULL,0),(1714,'2018-10-15 00:00:00','2018-11-12 00:00:00',NULL,NULL,0),(1715,'2017-09-05 00:00:00','2017-11-06 00:00:00',NULL,NULL,0),(1716,'2018-04-07 00:00:00','2018-11-08 00:00:00',NULL,NULL,0),(1717,'2019-04-17 00:00:00','2019-10-25 00:00:00',NULL,NULL,0),(1718,'2019-01-28 00:00:00','2019-03-09 00:00:00',NULL,NULL,0),(1719,'2019-10-07 00:00:00','2019-10-10 00:00:00',NULL,NULL,0),(1720,'2017-06-16 00:00:00','2017-11-17 00:00:00',NULL,NULL,0),(1721,'2017-06-17 00:00:00','2017-07-06 00:00:00',NULL,NULL,0),(1722,'2018-05-30 00:00:00','2018-07-06 00:00:00',NULL,NULL,0),(1723,'2018-09-06 00:00:00','2018-09-21 00:00:00',NULL,NULL,0),(1724,'2019-10-15 00:00:00','2019-10-21 00:00:00',NULL,NULL,0),(1725,'2017-08-21 00:00:00','2017-10-29 00:00:00',NULL,NULL,0),(1726,'2018-10-05 00:00:00','2018-10-14 00:00:00',NULL,NULL,0),(1727,'2018-08-08 00:00:00','2018-08-16 00:00:00',NULL,NULL,0),(1728,'2019-07-16 00:00:00','2019-11-19 00:00:00',NULL,NULL,0),(1729,'2017-10-30 00:00:00','2017-10-31 00:00:00',NULL,NULL,0),(1730,'2018-09-28 00:00:00','2018-09-29 00:00:00',NULL,NULL,0),(1731,'2017-01-11 00:00:00','2017-09-20 00:00:00',NULL,NULL,0),(1732,'2018-08-06 00:00:00','2018-08-22 00:00:00',NULL,NULL,0),(1733,'2018-11-08 00:00:00','2018-11-20 00:00:00',NULL,NULL,0),(1734,'2018-08-18 00:00:00','2018-09-27 00:00:00',NULL,NULL,0),(1735,'2017-04-27 00:00:00','2017-06-25 00:00:00',NULL,NULL,0),(1736,'2017-09-19 00:00:00','2017-10-24 00:00:00',NULL,NULL,0),(1737,'2017-07-10 00:00:00','2017-10-01 00:00:00',NULL,NULL,0),(1738,'2019-01-10 00:00:00','2019-08-09 00:00:00',NULL,NULL,0),(1739,'2019-04-01 00:00:00','2019-06-22 00:00:00',NULL,NULL,0),(1740,'2018-01-19 00:00:00','2018-09-16 00:00:00',NULL,NULL,0),(1741,'2017-11-28 00:00:00','2017-11-29 00:00:00',NULL,NULL,0),(1742,'2018-08-11 00:00:00','2018-09-22 00:00:00',NULL,NULL,0),(1743,'2019-03-20 00:00:00','2019-07-07 00:00:00',NULL,NULL,0),(1744,'2019-02-17 00:00:00','2019-09-11 00:00:00',NULL,NULL,0),(1745,'2019-10-16 00:00:00','2019-11-08 00:00:00',NULL,NULL,0),(1746,'2017-02-27 00:00:00','2017-11-04 00:00:00',NULL,NULL,0),(1747,'2019-08-27 00:00:00','2019-08-29 00:00:00',NULL,NULL,0),(1748,'2019-02-10 00:00:00','2019-02-19 00:00:00',NULL,NULL,0),(1749,'2018-09-15 00:00:00','2018-11-02 00:00:00',NULL,NULL,0),(1750,'2017-04-27 00:00:00','2017-06-29 00:00:00',NULL,NULL,0),(1751,'2017-04-15 00:00:00','2017-06-25 00:00:00',NULL,NULL,0),(1752,'2017-11-19 00:00:00','2017-11-29 00:00:00',NULL,NULL,0),(1753,'2018-10-21 00:00:00','2018-11-27 00:00:00',NULL,NULL,0),(1754,'2019-04-01 00:00:00','2019-07-19 00:00:00',NULL,NULL,0),(1755,'2019-09-29 00:00:00','2019-11-09 00:00:00',NULL,NULL,0),(1756,'2018-05-04 00:00:00','2018-10-06 00:00:00',NULL,NULL,0),(1757,'2019-11-03 00:00:00','2019-11-09 00:00:00',NULL,NULL,0),(1758,'2017-05-08 00:00:00','2017-11-19 00:00:00',NULL,NULL,0),(1759,'2017-02-20 00:00:00','2017-11-11 00:00:00',NULL,NULL,0),(1760,'2019-10-26 00:00:00','2019-11-01 00:00:00',NULL,NULL,0),(1761,'2018-08-23 00:00:00','2018-09-09 00:00:00',NULL,NULL,0),(1762,'2019-06-11 00:00:00','2019-07-06 00:00:00',NULL,NULL,0),(1763,'2017-06-13 00:00:00','2017-10-04 00:00:00',NULL,NULL,0),(1764,'2018-08-05 00:00:00','2018-11-22 00:00:00',NULL,NULL,0),(1765,'2017-09-12 00:00:00','2017-10-08 00:00:00',NULL,NULL,0),(1766,'2019-04-17 00:00:00','2019-07-11 00:00:00',NULL,NULL,0),(1767,'2017-04-19 00:00:00','2017-10-05 00:00:00',NULL,NULL,0),(1768,'2017-08-14 00:00:00','2017-09-15 00:00:00',NULL,NULL,0),(1769,'2018-07-03 00:00:00','2018-11-21 00:00:00',NULL,NULL,0),(1770,'2017-07-07 00:00:00','2017-07-20 00:00:00',NULL,NULL,0),(1771,'2017-06-11 00:00:00','2017-10-16 00:00:00',NULL,NULL,0),(1772,'2018-01-19 00:00:00','2018-09-10 00:00:00',NULL,NULL,0),(1773,'2017-03-06 00:00:00','2017-05-14 00:00:00',NULL,NULL,0),(1774,'2018-09-16 00:00:00','2018-11-17 00:00:00',NULL,NULL,0),(1775,'2017-11-15 00:00:00','2017-11-18 00:00:00',NULL,NULL,0),(1776,'2018-11-07 00:00:00','2018-11-23 00:00:00',NULL,NULL,0),(1777,'2017-11-20 00:00:00','2017-11-23 00:00:00',NULL,NULL,0),(1778,'2017-02-09 00:00:00','2017-04-26 00:00:00',NULL,NULL,0),(1779,'2018-10-09 00:00:00','2018-11-22 00:00:00',NULL,NULL,0),(1780,'2017-06-25 00:00:00','2017-09-27 00:00:00',NULL,NULL,0),(1781,'2018-05-17 00:00:00','2018-07-11 00:00:00',NULL,NULL,0),(1782,'2018-03-27 00:00:00','2018-04-03 00:00:00',NULL,NULL,0),(1783,'2017-02-08 00:00:00','2017-11-06 00:00:00',NULL,NULL,0),(1784,'2017-04-10 00:00:00','2017-06-05 00:00:00',NULL,NULL,0),(1785,'2018-09-07 00:00:00','2018-10-02 00:00:00',NULL,NULL,0),(1786,'2017-10-29 00:00:00','2017-11-28 00:00:00',NULL,NULL,0),(1787,'2019-03-14 00:00:00','2019-09-23 00:00:00',NULL,NULL,0),(1788,'2019-01-11 00:00:00','2019-02-01 00:00:00',NULL,NULL,0),(1789,'2018-07-30 00:00:00','2018-10-07 00:00:00',NULL,NULL,0),(1790,'2017-07-29 00:00:00','2017-08-18 00:00:00',NULL,NULL,0),(1791,'2017-03-17 00:00:00','2017-10-07 00:00:00',NULL,NULL,0),(1792,'2019-06-22 00:00:00','2019-11-19 00:00:00',NULL,NULL,0),(1793,'2019-06-22 00:00:00','2019-08-24 00:00:00',NULL,NULL,0),(1794,'2017-05-26 00:00:00','2017-08-16 00:00:00',NULL,NULL,0),(1795,'2018-05-19 00:00:00','2018-11-07 00:00:00',NULL,NULL,0),(1796,'2018-06-24 00:00:00','2018-06-25 00:00:00',NULL,NULL,0),(1797,'2018-06-29 00:00:00','2018-10-07 00:00:00',NULL,NULL,0),(1798,'2018-09-04 00:00:00','2018-09-28 00:00:00',NULL,NULL,0),(1799,'2017-11-02 00:00:00','2017-11-20 00:00:00',NULL,NULL,0),(1800,'2017-01-28 00:00:00','2017-01-29 00:00:00',NULL,NULL,0);
/*!40000 ALTER TABLE `eventn` ENABLE KEYS */;
UNLOCK TABLES;
/*!50003 SET @saved_cs_client      = @@character_set_client */ ;
/*!50003 SET @saved_cs_results     = @@character_set_results */ ;
/*!50003 SET @saved_col_connection = @@collation_connection */ ;
/*!50003 SET character_set_client  = utf8 */ ;
/*!50003 SET character_set_results = utf8 */ ;
/*!50003 SET collation_connection  = utf8_general_ci */ ;
/*!50003 SET @saved_sql_mode       = @@sql_mode */ ;
/*!50003 SET sql_mode              = 'STRICT_TRANS_TABLES,STRICT_ALL_TABLES,NO_ZERO_IN_DATE,NO_ZERO_DATE,ALLOW_INVALID_DATES,ERROR_FOR_DIVISION_BY_ZERO,TRADITIONAL,NO_AUTO_CREATE_USER,NO_ENGINE_SUBSTITUTION' */ ;
DELIMITER ;;
/*!50003 CREATE*/ /*!50017 DEFINER=`root`@`localhost`*/ /*!50003 TRIGGER flagalleventcontent AFTER UPDATE ON Eventn
FOR EACH ROW
BEGIN
IF NEW.Deleted <=> "1" AND Old.Deleted <=> "0" THEN

	UPDATE EventFiles
	SET Deleted = '1'
	WHERE EventId = NEW.EventId;
    
    UPDATE EventCalendar
	SET Deleted = '1'
	WHERE EventId = NEW.EventId;
    
	UPDATE EventFiles
	SET Deleted = '1'
	WHERE EventId = NEW.EventId;
    
END IF;
END */;;
DELIMITER ;
/*!50003 SET sql_mode              = @saved_sql_mode */ ;
/*!50003 SET character_set_client  = @saved_cs_client */ ;
/*!50003 SET character_set_results = @saved_cs_results */ ;
/*!50003 SET collation_connection  = @saved_col_connection */ ;
/*!50003 SET @saved_cs_client      = @@character_set_client */ ;
/*!50003 SET @saved_cs_results     = @@character_set_results */ ;
/*!50003 SET @saved_col_connection = @@collation_connection */ ;
/*!50003 SET character_set_client  = utf8 */ ;
/*!50003 SET character_set_results = utf8 */ ;
/*!50003 SET collation_connection  = utf8_general_ci */ ;
/*!50003 SET @saved_sql_mode       = @@sql_mode */ ;
/*!50003 SET sql_mode              = 'STRICT_TRANS_TABLES,STRICT_ALL_TABLES,NO_ZERO_IN_DATE,NO_ZERO_DATE,ALLOW_INVALID_DATES,ERROR_FOR_DIVISION_BY_ZERO,TRADITIONAL,NO_AUTO_CREATE_USER,NO_ENGINE_SUBSTITUTION' */ ;
DELIMITER ;;
/*!50003 CREATE*/ /*!50017 DEFINER=`root`@`localhost`*/ /*!50003 TRIGGER Eventn_del BEFORE DELETE ON Eventn
FOR EACH ROW
BEGIN
	CALL raise_application_error(-20001, "Records can not be deleted");
END */;;
DELIMITER ;
/*!50003 SET sql_mode              = @saved_sql_mode */ ;
/*!50003 SET character_set_client  = @saved_cs_client */ ;
/*!50003 SET character_set_results = @saved_cs_results */ ;
/*!50003 SET collation_connection  = @saved_col_connection */ ;

--
-- Table structure for table `eventtask`
--

DROP TABLE IF EXISTS `eventtask`;
/*!40101 SET @saved_cs_client     = @@character_set_client */;
/*!40101 SET character_set_client = utf8 */;
CREATE TABLE `eventtask` (
  `EventId` int(11) NOT NULL,
  `TaskId` int(11) NOT NULL,
  `Deleted` tinyint(1) NOT NULL DEFAULT '0',
  PRIMARY KEY (`EventId`,`TaskId`),
  KEY `TaskId_idx` (`TaskId`),
  CONSTRAINT `EventId` FOREIGN KEY (`EventId`) REFERENCES `eventn` (`EventId`) ON DELETE NO ACTION ON UPDATE NO ACTION,
  CONSTRAINT `TaskId` FOREIGN KEY (`TaskId`) REFERENCES `task` (`TaskId`) ON DELETE NO ACTION ON UPDATE NO ACTION
) ENGINE=InnoDB DEFAULT CHARSET=utf8;
/*!40101 SET character_set_client = @saved_cs_client */;

--
-- Dumping data for table `eventtask`
--

LOCK TABLES `eventtask` WRITE;
/*!40000 ALTER TABLE `eventtask` DISABLE KEYS */;
/*!40000 ALTER TABLE `eventtask` ENABLE KEYS */;
UNLOCK TABLES;
/*!50003 SET @saved_cs_client      = @@character_set_client */ ;
/*!50003 SET @saved_cs_results     = @@character_set_results */ ;
/*!50003 SET @saved_col_connection = @@collation_connection */ ;
/*!50003 SET character_set_client  = utf8 */ ;
/*!50003 SET character_set_results = utf8 */ ;
/*!50003 SET collation_connection  = utf8_general_ci */ ;
/*!50003 SET @saved_sql_mode       = @@sql_mode */ ;
/*!50003 SET sql_mode              = 'STRICT_TRANS_TABLES,STRICT_ALL_TABLES,NO_ZERO_IN_DATE,NO_ZERO_DATE,ALLOW_INVALID_DATES,ERROR_FOR_DIVISION_BY_ZERO,TRADITIONAL,NO_AUTO_CREATE_USER,NO_ENGINE_SUBSTITUTION' */ ;
DELIMITER ;;
/*!50003 CREATE*/ /*!50017 DEFINER=`root`@`localhost`*/ /*!50003 TRIGGER eventtask_del BEFORE DELETE ON eventtask
FOR EACH ROW
BEGIN
	CALL raise_application_error(-20001, "Records can not be deleted");
END */;;
DELIMITER ;
/*!50003 SET sql_mode              = @saved_sql_mode */ ;
/*!50003 SET character_set_client  = @saved_cs_client */ ;
/*!50003 SET character_set_results = @saved_cs_results */ ;
/*!50003 SET collation_connection  = @saved_col_connection */ ;

--
-- Table structure for table `files`
--

DROP TABLE IF EXISTS `files`;
/*!40101 SET @saved_cs_client     = @@character_set_client */;
/*!40101 SET character_set_client = utf8 */;
CREATE TABLE `files` (
  `FileId` int(11) NOT NULL AUTO_INCREMENT,
  `Filename` varchar(100) NOT NULL,
  `Path` varchar(100) NOT NULL,
  `Deleted` tinyint(1) NOT NULL DEFAULT '0',
  PRIMARY KEY (`FileId`)
) ENGINE=InnoDB AUTO_INCREMENT=11 DEFAULT CHARSET=utf8;
/*!40101 SET character_set_client = @saved_cs_client */;

--
-- Dumping data for table `files`
--

LOCK TABLES `files` WRITE;
/*!40000 ALTER TABLE `files` DISABLE KEYS */;
INSERT INTO `files` VALUES (1,'tmp8xo3nrfx','\\data',0),(2,'tmpu5jkalpj','\\data',0),(3,'tmpcjxr_lo5','\\data',0),(4,'tmp82pfdxr7','\\data',0),(5,'tmpuewzkrte','\\data',0),(6,'tmpxoatw_gz','\\data',0),(7,'tmpjxl_mopc','\\data',0),(8,'tmpg9975_dp','\\data',0),(9,'tmp009p53x3','\\data',0),(10,'tmpghxcs59h','\\data',0);
/*!40000 ALTER TABLE `files` ENABLE KEYS */;
UNLOCK TABLES;
/*!50003 SET @saved_cs_client      = @@character_set_client */ ;
/*!50003 SET @saved_cs_results     = @@character_set_results */ ;
/*!50003 SET @saved_col_connection = @@collation_connection */ ;
/*!50003 SET character_set_client  = utf8 */ ;
/*!50003 SET character_set_results = utf8 */ ;
/*!50003 SET collation_connection  = utf8_general_ci */ ;
/*!50003 SET @saved_sql_mode       = @@sql_mode */ ;
/*!50003 SET sql_mode              = 'STRICT_TRANS_TABLES,STRICT_ALL_TABLES,NO_ZERO_IN_DATE,NO_ZERO_DATE,ALLOW_INVALID_DATES,ERROR_FOR_DIVISION_BY_ZERO,TRADITIONAL,NO_AUTO_CREATE_USER,NO_ENGINE_SUBSTITUTION' */ ;
DELIMITER ;;
/*!50003 CREATE*/ /*!50017 DEFINER=`root`@`localhost`*/ /*!50003 TRIGGER flagallfilecontent AFTER UPDATE ON Files
FOR EACH ROW
BEGIN
IF NEW.Deleted <=> "1" AND Old.Deleted <=> "0" THEN

	UPDATE EventFiles
	SET Deleted = '1'
	WHERE FileId = NEW.FileId;
    
    
END IF;
END */;;
DELIMITER ;
/*!50003 SET sql_mode              = @saved_sql_mode */ ;
/*!50003 SET character_set_client  = @saved_cs_client */ ;
/*!50003 SET character_set_results = @saved_cs_results */ ;
/*!50003 SET collation_connection  = @saved_col_connection */ ;
/*!50003 SET @saved_cs_client      = @@character_set_client */ ;
/*!50003 SET @saved_cs_results     = @@character_set_results */ ;
/*!50003 SET @saved_col_connection = @@collation_connection */ ;
/*!50003 SET character_set_client  = utf8 */ ;
/*!50003 SET character_set_results = utf8 */ ;
/*!50003 SET collation_connection  = utf8_general_ci */ ;
/*!50003 SET @saved_sql_mode       = @@sql_mode */ ;
/*!50003 SET sql_mode              = 'STRICT_TRANS_TABLES,STRICT_ALL_TABLES,NO_ZERO_IN_DATE,NO_ZERO_DATE,ALLOW_INVALID_DATES,ERROR_FOR_DIVISION_BY_ZERO,TRADITIONAL,NO_AUTO_CREATE_USER,NO_ENGINE_SUBSTITUTION' */ ;
DELIMITER ;;
/*!50003 CREATE*/ /*!50017 DEFINER=`root`@`localhost`*/ /*!50003 TRIGGER files_del BEFORE DELETE ON files
FOR EACH ROW
BEGIN
	CALL raise_application_error(-20001, "Records can not be deleted");
END */;;
DELIMITER ;
/*!50003 SET sql_mode              = @saved_sql_mode */ ;
/*!50003 SET character_set_client  = @saved_cs_client */ ;
/*!50003 SET character_set_results = @saved_cs_results */ ;
/*!50003 SET collation_connection  = @saved_col_connection */ ;

--
-- Table structure for table `task`
--

DROP TABLE IF EXISTS `task`;
/*!40101 SET @saved_cs_client     = @@character_set_client */;
/*!40101 SET character_set_client = utf8 */;
CREATE TABLE `task` (
  `TaskId` int(11) NOT NULL AUTO_INCREMENT,
  `Intervall` varchar(6) NOT NULL,
  `Deleted` tinyint(1) NOT NULL DEFAULT '0',
  PRIMARY KEY (`TaskId`)
) ENGINE=InnoDB AUTO_INCREMENT=153 DEFAULT CHARSET=utf8;
/*!40101 SET character_set_client = @saved_cs_client */;

--
-- Dumping data for table `task`
--

LOCK TABLES `task` WRITE;
/*!40000 ALTER TABLE `task` DISABLE KEYS */;
INSERT INTO `task` VALUES (1,'00150',0),(2,'11000',0),(3,'15000',0),(4,'00001',0),(5,'00001',0),(6,'16000',0),(7,'00001',0),(8,'00001',0),(9,'18000',0),(10,'00001',0),(11,'16000',0),(12,'00001',0),(13,'111000',0),(14,'00001',0),(15,'18000',0),(16,'00150',0),(17,'00130',0),(18,'12000',0),(19,'00150',0),(20,'00140',0),(21,'14000',0),(22,'00160',0),(23,'17000',0),(24,'00001',0),(25,'00150',0),(26,'00001',0),(27,'00001',0),(28,'18000',0),(29,'00120',0),(30,'00150',0),(31,'18000',0),(32,'00160',0),(33,'00001',0),(34,'00170',0),(35,'15000',0),(36,'00001',0),(37,'00001',0),(38,'00160',0),(39,'00150',0),(40,'00001',0),(41,'18000',0),(42,'11000',0),(43,'00120',0),(44,'17000',0),(45,'00120',0),(46,'18000',0),(47,'00001',0),(48,'00001',0),(49,'00001',0),(50,'18000',0),(51,'111000',0),(52,'00120',0),(53,'00001',0),(54,'11000',0),(55,'00120',0),(56,'00001',0),(57,'00130',0),(58,'13000',0),(59,'00001',0),(60,'17000',0),(61,'00170',0),(62,'00120',0),(63,'00001',0),(64,'00001',0),(65,'17000',0),(66,'00001',0),(67,'00140',0),(68,'00001',0),(69,'11000',0),(70,'00160',0),(71,'00001',0),(72,'12000',0),(73,'00001',0),(74,'00001',0),(75,'00150',0),(76,'00110',0),(77,'00130',0),(78,'12000',0),(79,'00001',0),(80,'00001',0),(81,'00130',0),(82,'00130',0),(83,'00001',0),(84,'13000',0),(85,'111000',0),(86,'00001',0),(87,'00140',0),(88,'00110',0),(89,'00001',0),(90,'00001',0),(91,'18000',0),(92,'00160',0),(93,'00001',0),(94,'00001',0),(95,'00140',0),(96,'00001',0),(97,'00001',0),(98,'00150',0),(99,'17000',0),(100,'00001',0),(101,'00150',0),(102,'18000',0),(103,'12000',0),(104,'00001',0),(105,'00150',0),(106,'00110',0),(107,'111000',0),(108,'00150',0),(109,'00001',0),(110,'00170',0),(111,'00001',0),(112,'00001',0),(113,'00140',0),(114,'00130',0),(115,'00140',0),(116,'00001',0),(117,'15000',0),(118,'17000',0),(119,'00001',0),(120,'111000',0),(121,'00170',0),(122,'110000',0),(123,'00001',0),(124,'00130',0),(125,'00001',0),(126,'00160',0),(127,'00001',0),(128,'00001',0),(129,'00001',0),(130,'00001',0),(131,'11000',0),(132,'16000',0),(133,'111000',0),(134,'00001',0),(135,'17000',0),(136,'00001',0),(137,'00001',0),(138,'00120',0),(139,'19000',0),(140,'00160',0),(141,'16000',0),(142,'19000',0),(143,'16000',0),(144,'14000',0),(145,'00140',0),(146,'00150',0),(147,'00170',0),(148,'00001',0),(149,'00001',0),(150,'00001',0),(151,'13000',0),(152,'16000',0);
/*!40000 ALTER TABLE `task` ENABLE KEYS */;
UNLOCK TABLES;
/*!50003 SET @saved_cs_client      = @@character_set_client */ ;
/*!50003 SET @saved_cs_results     = @@character_set_results */ ;
/*!50003 SET @saved_col_connection = @@collation_connection */ ;
/*!50003 SET character_set_client  = utf8 */ ;
/*!50003 SET character_set_results = utf8 */ ;
/*!50003 SET collation_connection  = utf8_general_ci */ ;
/*!50003 SET @saved_sql_mode       = @@sql_mode */ ;
/*!50003 SET sql_mode              = 'STRICT_TRANS_TABLES,STRICT_ALL_TABLES,NO_ZERO_IN_DATE,NO_ZERO_DATE,ALLOW_INVALID_DATES,ERROR_FOR_DIVISION_BY_ZERO,TRADITIONAL,NO_AUTO_CREATE_USER,NO_ENGINE_SUBSTITUTION' */ ;
DELIMITER ;;
/*!50003 CREATE*/ /*!50017 DEFINER=`root`@`localhost`*/ /*!50003 TRIGGER flagalltaskcontent AFTER UPDATE ON Task
FOR EACH ROW
BEGIN
IF NEW.Deleted <=> "1" AND Old.Deleted <=> "0" THEN

    UPDATE Taskchildren
	SET Deleted = '1'
	WHERE ParenttaskId = NEW.TaskId;
	
	UPDATE Taskchildren
	SET Deleted = '1'
	WHERE ChildtaskId = NEW.TaskId;
    
	UPDATE Eventtask
	SET Deleted = '1'
	WHERE TaskId = NEW.TaskId;
    
	UPDATE Usertask
	SET Deleted = '1'
	WHERE TaskId = NEW.TaskId;
    
END IF;
END */;;
DELIMITER ;
/*!50003 SET sql_mode              = @saved_sql_mode */ ;
/*!50003 SET character_set_client  = @saved_cs_client */ ;
/*!50003 SET character_set_results = @saved_cs_results */ ;
/*!50003 SET collation_connection  = @saved_col_connection */ ;
/*!50003 SET @saved_cs_client      = @@character_set_client */ ;
/*!50003 SET @saved_cs_results     = @@character_set_results */ ;
/*!50003 SET @saved_col_connection = @@collation_connection */ ;
/*!50003 SET character_set_client  = utf8 */ ;
/*!50003 SET character_set_results = utf8 */ ;
/*!50003 SET collation_connection  = utf8_general_ci */ ;
/*!50003 SET @saved_sql_mode       = @@sql_mode */ ;
/*!50003 SET sql_mode              = 'STRICT_TRANS_TABLES,STRICT_ALL_TABLES,NO_ZERO_IN_DATE,NO_ZERO_DATE,ALLOW_INVALID_DATES,ERROR_FOR_DIVISION_BY_ZERO,TRADITIONAL,NO_AUTO_CREATE_USER,NO_ENGINE_SUBSTITUTION' */ ;
DELIMITER ;;
/*!50003 CREATE*/ /*!50017 DEFINER=`root`@`localhost`*/ /*!50003 TRIGGER task_del BEFORE DELETE ON task
FOR EACH ROW
BEGIN
	CALL raise_application_error(-20001, "Records can not be deleted");
END */;;
DELIMITER ;
/*!50003 SET sql_mode              = @saved_sql_mode */ ;
/*!50003 SET character_set_client  = @saved_cs_client */ ;
/*!50003 SET character_set_results = @saved_cs_results */ ;
/*!50003 SET collation_connection  = @saved_col_connection */ ;

--
-- Table structure for table `taskchildren`
--

DROP TABLE IF EXISTS `taskchildren`;
/*!40101 SET @saved_cs_client     = @@character_set_client */;
/*!40101 SET character_set_client = utf8 */;
CREATE TABLE `taskchildren` (
  `ParenttaskId` int(11) NOT NULL,
  `ChildtaskId` int(11) NOT NULL,
  `Deleted` tinyint(1) NOT NULL DEFAULT '0',
  PRIMARY KEY (`ParenttaskId`,`ChildtaskId`),
  KEY `ChildtaskId_idx` (`ChildtaskId`),
  CONSTRAINT `ChildtaskId` FOREIGN KEY (`ChildtaskId`) REFERENCES `task` (`TaskId`) ON DELETE NO ACTION ON UPDATE NO ACTION,
  CONSTRAINT `ParrenttaskId` FOREIGN KEY (`ParenttaskId`) REFERENCES `task` (`TaskId`) ON DELETE NO ACTION ON UPDATE NO ACTION
) ENGINE=InnoDB DEFAULT CHARSET=utf8;
/*!40101 SET character_set_client = @saved_cs_client */;

--
-- Dumping data for table `taskchildren`
--

LOCK TABLES `taskchildren` WRITE;
/*!40000 ALTER TABLE `taskchildren` DISABLE KEYS */;
INSERT INTO `taskchildren` VALUES (5,66,0),(5,144,0),(7,83,0),(15,107,0),(16,40,0),(22,36,0),(28,34,0),(54,78,0),(56,95,0),(62,20,0),(64,88,0),(65,145,0),(68,69,0),(70,69,0),(70,126,0),(87,8,0),(91,38,0),(95,34,0),(101,3,0),(112,98,0),(117,132,0),(120,82,0),(121,123,0),(122,151,0),(124,12,0),(125,66,0),(142,21,0),(146,140,0),(147,132,0),(151,62,0);
/*!40000 ALTER TABLE `taskchildren` ENABLE KEYS */;
UNLOCK TABLES;
/*!50003 SET @saved_cs_client      = @@character_set_client */ ;
/*!50003 SET @saved_cs_results     = @@character_set_results */ ;
/*!50003 SET @saved_col_connection = @@collation_connection */ ;
/*!50003 SET character_set_client  = utf8 */ ;
/*!50003 SET character_set_results = utf8 */ ;
/*!50003 SET collation_connection  = utf8_general_ci */ ;
/*!50003 SET @saved_sql_mode       = @@sql_mode */ ;
/*!50003 SET sql_mode              = 'STRICT_TRANS_TABLES,STRICT_ALL_TABLES,NO_ZERO_IN_DATE,NO_ZERO_DATE,ALLOW_INVALID_DATES,ERROR_FOR_DIVISION_BY_ZERO,TRADITIONAL,NO_AUTO_CREATE_USER,NO_ENGINE_SUBSTITUTION' */ ;
DELIMITER ;;
/*!50003 CREATE*/ /*!50017 DEFINER=`root`@`localhost`*/ /*!50003 TRIGGER taskchildren_del BEFORE DELETE ON taskchildren
FOR EACH ROW
BEGIN
	CALL raise_application_error(-20001, "Records can not be deleted");
END */;;
DELIMITER ;
/*!50003 SET sql_mode              = @saved_sql_mode */ ;
/*!50003 SET character_set_client  = @saved_cs_client */ ;
/*!50003 SET character_set_results = @saved_cs_results */ ;
/*!50003 SET collation_connection  = @saved_col_connection */ ;

--
-- Table structure for table `user`
--

DROP TABLE IF EXISTS `user`;
/*!40101 SET @saved_cs_client     = @@character_set_client */;
/*!40101 SET character_set_client = utf8 */;
CREATE TABLE `user` (
  `UserId` int(11) NOT NULL AUTO_INCREMENT,
  `Email` varchar(45) NOT NULL,
  `Password` varchar(125) NOT NULL,
  `Salt` varchar(10) NOT NULL,
  `Name` varchar(60) NOT NULL,
  `Datecreated` datetime NOT NULL,
  `Deleted` tinyint(1) NOT NULL DEFAULT '0',
  PRIMARY KEY (`UserId`)
) ENGINE=InnoDB AUTO_INCREMENT=26 DEFAULT CHARSET=utf8;
/*!40101 SET character_set_client = @saved_cs_client */;

--
-- Dumping data for table `user`
--

LOCK TABLES `user` WRITE;
/*!40000 ALTER TABLE `user` DISABLE KEYS */;
INSERT INTO `user` VALUES (1,'consuelo@mosholder.com','pbkdf2:sha256:50000$LywmjRis$548ddc79d2bee5d6ffe58636bb87bf7b5b145101a58fd0506669be465b3e7cf2','salt','Consuelo Mosholder','2017-10-14 23:55:21',0),(2,'robert@mast.com','pbkdf2:sha256:50000$Lv4sau8D$0c02d70e9625eebc7e14e9c3a3d0293beacdea2f761c9b88e14170fdb608be84','salt','Robert Mast','2017-10-14 23:55:21',0),(3,'brittany@britt.com','pbkdf2:sha256:50000$f6F0jSiH$e392efd2c8b18311be512218ffd71e697fbba1ff7e20f81c1e418968a895e448','salt','Brittany Britt','2017-10-14 23:55:21',0),(4,'alejandro@gaydos.com','pbkdf2:sha256:50000$sGzr0LPw$af4a427a57af608b8b2390fc07ed55626ad67a2f6fac3b38567e25b89330cbeb','salt','Alejandro Gaydos','2017-10-14 23:55:21',0),(5,'judy@dickson.com','pbkdf2:sha256:50000$6JvmoASW$dadaaf5d2ee6939135dced7dbe9d802ba018d5b2b70af2e3586a088ce095dfe4','salt','Judy Dickson','2017-10-14 23:55:21',0),(6,'ruth@richard.com','pbkdf2:sha256:50000$AaH26Ndq$8933796a2348e8ab0e84a4e702204d9f1a67db5505635f053d4c8bfcb80b32de','salt','Ruth Richard','2017-10-14 23:55:21',0),(7,'brandon@ricard.com','pbkdf2:sha256:50000$wWE964rQ$1a0075f82bd775d8ef193fc4bb2a6d6940fc717d1e0f8aa9ea4381304f8fe590','salt','Brandon Ricard','2017-10-14 23:55:21',0),(8,'mario@felipe.com','pbkdf2:sha256:50000$On3Idwjr$54ea8f1f555fe9818602eab44b088978e3bee013f3bf1f57ce7861003f917346','salt','Mario Felipe','2017-10-14 23:55:21',0),(9,'olga@graves.com','pbkdf2:sha256:50000$9LR0gZM9$93342595aab03ba497377d52426620df039748cc9335934f58d5d669f71db605','salt','Olga Graves','2017-10-14 23:55:21',0),(10,'dawn@mcvay.com','pbkdf2:sha256:50000$Z6bhb1ov$9df5d4d90557125360cc68a9de1ecb205d827b0a3a179e2d2b8e6df5dd249087','salt','Dawn Mcvay','2017-10-14 23:55:22',0),(11,'tricia@castor.com','pbkdf2:sha256:50000$ouzLIfSg$bd3cfae14595ee1fa89df394a7fca678861484190f9a43232e86867c788d7704','salt','Tricia Castor','2017-10-14 23:55:22',0),(12,'richard@brissett.com','pbkdf2:sha256:50000$hwfwogCf$297f2a0c31d67eaf68fb0adba96ee3539f0e6e5ddd64a087e10e248aa721d0f2','salt','Richard Brissett','2017-10-14 23:55:22',0),(13,'diane@adams.com','pbkdf2:sha256:50000$AwlAdAQk$aed88c17cba7885939d627594a8c8b2148716efbb305a44ba719f6ac10af3a3f','salt','Diane Adams','2017-10-14 23:55:22',0),(14,'amber@shuttleworth.com','pbkdf2:sha256:50000$vaIjhFM4$010a34a501bc657b1acfb76f88f46e96caad62bee2804adde6240da5235695d6','salt','Amber Shuttleworth','2017-10-14 23:55:22',0),(15,'dale@mathis.com','pbkdf2:sha256:50000$jPbRo6rm$ac0e0a4c35de2c6b40344e7ab652291435fa9f3bf7801ecc8db9d10d5f932c84','salt','Dale Mathis','2017-10-14 23:55:22',0),(16,'sandy@rea.com','pbkdf2:sha256:50000$MFwrV40M$6116b953305c61662bfa83d89f31c8346006c3be89269d068999abbb04ef02bd','salt','Sandy Rea','2017-10-14 23:55:22',0),(17,'maurice@roundtree.com','pbkdf2:sha256:50000$dIK6G3S9$f478b3d35585f8d5b3dfe5fa3cfb7a5363dd7a16d7ea3c4fe121a52528cde974','salt','Maurice Roundtree','2017-10-14 23:55:22',0),(18,'james@grey.com','pbkdf2:sha256:50000$AEUtUF1p$7a5a05f1f4578905df44e5f24a4f62e384eeefc0a5ff5b202b5873938b02a080','salt','James Grey','2017-10-14 23:55:22',0),(19,'elias@obrien.com','pbkdf2:sha256:50000$jXbyr1lj$c7523926754c7d24f86b00e49f1ede508447adadcf45f7bb77117b3d1ff83edf','salt','Elias Obrien','2017-10-14 23:55:22',0),(20,'kathryn@burris.com','pbkdf2:sha256:50000$OmFVYqu7$257aed177b7ae793f14d634f22cc36f7ce7319004469d5412837190264d41628','salt','Kathryn Burris','2017-10-14 23:55:22',0),(21,'joshua@hyde.com','pbkdf2:sha256:50000$GbG8BgON$8d69d3884574b3f61f9c3d23b2601de77d777c0dc2f9378718cc7b352a7d6063','salt','Joshua Hyde','2017-10-14 23:55:22',0),(22,'chad@graham.com','pbkdf2:sha256:50000$rNrxlGXi$ea7187b8c31cb2623775ef382c9de7adb73d9ef9334df97c91486abd11018e2a','salt','Chad Graham','2017-10-14 23:55:22',0),(23,'michael@weddington.com','pbkdf2:sha256:50000$h8x4p4yl$2b4041fa2d11963198e0510b6ce765437e2266bfadae1f8f14ead9a0f389e87f','salt','Michael Weddington','2017-10-14 23:55:22',0),(24,'reginald@baker.com','pbkdf2:sha256:50000$9DqYrFCa$3c81324cb9dc19184769351511dafa729d96e977959aa9c608b7a9f3472a6fce','salt','Reginald Baker','2017-10-14 23:55:22',0),(25,'scott@campbell.com','pbkdf2:sha256:50000$tACo6xvZ$52c1849028744084799f88a29b2a50d94019c9e9decf7ff9480e4820e10fc581','salt','Scott Campbell','2017-10-14 23:55:22',0);
/*!40000 ALTER TABLE `user` ENABLE KEYS */;
UNLOCK TABLES;
/*!50003 SET @saved_cs_client      = @@character_set_client */ ;
/*!50003 SET @saved_cs_results     = @@character_set_results */ ;
/*!50003 SET @saved_col_connection = @@collation_connection */ ;
/*!50003 SET character_set_client  = utf8 */ ;
/*!50003 SET character_set_results = utf8 */ ;
/*!50003 SET collation_connection  = utf8_general_ci */ ;
/*!50003 SET @saved_sql_mode       = @@sql_mode */ ;
/*!50003 SET sql_mode              = 'STRICT_TRANS_TABLES,STRICT_ALL_TABLES,NO_ZERO_IN_DATE,NO_ZERO_DATE,ALLOW_INVALID_DATES,ERROR_FOR_DIVISION_BY_ZERO,TRADITIONAL,NO_AUTO_CREATE_USER,NO_ENGINE_SUBSTITUTION' */ ;
DELIMITER ;;
/*!50003 CREATE*/ /*!50017 DEFINER=`root`@`localhost`*/ /*!50003 TRIGGER userjoindate BEFORE INSERT ON User
FOR EACH ROW
BEGIN
    SET New.Datecreated = NOW();
END */;;
DELIMITER ;
/*!50003 SET sql_mode              = @saved_sql_mode */ ;
/*!50003 SET character_set_client  = @saved_cs_client */ ;
/*!50003 SET character_set_results = @saved_cs_results */ ;
/*!50003 SET collation_connection  = @saved_col_connection */ ;
/*!50003 SET @saved_cs_client      = @@character_set_client */ ;
/*!50003 SET @saved_cs_results     = @@character_set_results */ ;
/*!50003 SET @saved_col_connection = @@collation_connection */ ;
/*!50003 SET character_set_client  = utf8 */ ;
/*!50003 SET character_set_results = utf8 */ ;
/*!50003 SET collation_connection  = utf8_general_ci */ ;
/*!50003 SET @saved_sql_mode       = @@sql_mode */ ;
/*!50003 SET sql_mode              = 'STRICT_TRANS_TABLES,STRICT_ALL_TABLES,NO_ZERO_IN_DATE,NO_ZERO_DATE,ALLOW_INVALID_DATES,ERROR_FOR_DIVISION_BY_ZERO,TRADITIONAL,NO_AUTO_CREATE_USER,NO_ENGINE_SUBSTITUTION' */ ;
DELIMITER ;;
/*!50003 CREATE*/ /*!50017 DEFINER=`root`@`localhost`*/ /*!50003 TRIGGER flagallusercontentdeleted AFTER UPDATE ON User
FOR EACH ROW
BEGIN
IF NEW.Deleted <=> "1" AND Old.Deleted <=> "0" THEN

	UPDATE Usercalendars
	SET Deleted = '1'
	WHERE userId = NEW.userId;
    
    UPDATE Usertask
	SET Deleted = '1'
	WHERE userId = NEW.userId;

END IF;
END */;;
DELIMITER ;
/*!50003 SET sql_mode              = @saved_sql_mode */ ;
/*!50003 SET character_set_client  = @saved_cs_client */ ;
/*!50003 SET character_set_results = @saved_cs_results */ ;
/*!50003 SET collation_connection  = @saved_col_connection */ ;
/*!50003 SET @saved_cs_client      = @@character_set_client */ ;
/*!50003 SET @saved_cs_results     = @@character_set_results */ ;
/*!50003 SET @saved_col_connection = @@collation_connection */ ;
/*!50003 SET character_set_client  = utf8 */ ;
/*!50003 SET character_set_results = utf8 */ ;
/*!50003 SET collation_connection  = utf8_general_ci */ ;
/*!50003 SET @saved_sql_mode       = @@sql_mode */ ;
/*!50003 SET sql_mode              = 'STRICT_TRANS_TABLES,STRICT_ALL_TABLES,NO_ZERO_IN_DATE,NO_ZERO_DATE,ALLOW_INVALID_DATES,ERROR_FOR_DIVISION_BY_ZERO,TRADITIONAL,NO_AUTO_CREATE_USER,NO_ENGINE_SUBSTITUTION' */ ;
DELIMITER ;;
/*!50003 CREATE*/ /*!50017 DEFINER=`root`@`localhost`*/ /*!50003 TRIGGER flagallusercontentrecovered AFTER UPDATE ON User
FOR EACH ROW
BEGIN
IF NEW.Deleted <=> "0" AND Old.Deleted <=> "1" THEN

	UPDATE Usercalendars
	SET Deleted = '0'
	WHERE userId = NEW.userId;
    
    UPDATE Usertask
	SET Deleted = '0'
	WHERE userId = NEW.userId;
    
END IF;
END */;;
DELIMITER ;
/*!50003 SET sql_mode              = @saved_sql_mode */ ;
/*!50003 SET character_set_client  = @saved_cs_client */ ;
/*!50003 SET character_set_results = @saved_cs_results */ ;
/*!50003 SET collation_connection  = @saved_col_connection */ ;
/*!50003 SET @saved_cs_client      = @@character_set_client */ ;
/*!50003 SET @saved_cs_results     = @@character_set_results */ ;
/*!50003 SET @saved_col_connection = @@collation_connection */ ;
/*!50003 SET character_set_client  = utf8 */ ;
/*!50003 SET character_set_results = utf8 */ ;
/*!50003 SET collation_connection  = utf8_general_ci */ ;
/*!50003 SET @saved_sql_mode       = @@sql_mode */ ;
/*!50003 SET sql_mode              = 'STRICT_TRANS_TABLES,STRICT_ALL_TABLES,NO_ZERO_IN_DATE,NO_ZERO_DATE,ALLOW_INVALID_DATES,ERROR_FOR_DIVISION_BY_ZERO,TRADITIONAL,NO_AUTO_CREATE_USER,NO_ENGINE_SUBSTITUTION' */ ;
DELIMITER ;;
/*!50003 CREATE*/ /*!50017 DEFINER=`root`@`localhost`*/ /*!50003 TRIGGER User_del BEFORE DELETE ON User
FOR EACH ROW
BEGIN
	CALL raise_application_error(-20001, "Records can not be deleted");
END */;;
DELIMITER ;
/*!50003 SET sql_mode              = @saved_sql_mode */ ;
/*!50003 SET character_set_client  = @saved_cs_client */ ;
/*!50003 SET character_set_results = @saved_cs_results */ ;
/*!50003 SET collation_connection  = @saved_col_connection */ ;

--
-- Table structure for table `usercalendars`
--

DROP TABLE IF EXISTS `usercalendars`;
/*!40101 SET @saved_cs_client     = @@character_set_client */;
/*!40101 SET character_set_client = utf8 */;
CREATE TABLE `usercalendars` (
  `UserId` int(11) NOT NULL,
  `CalendarId` int(11) NOT NULL,
  `Adminlevel` int(11) NOT NULL,
  `Notifications` tinyint(1) NOT NULL,
  `Deleted` tinyint(1) NOT NULL DEFAULT '0',
  PRIMARY KEY (`UserId`,`CalendarId`),
  KEY `CalendarId_idx` (`CalendarId`),
  CONSTRAINT `CalendarId` FOREIGN KEY (`CalendarId`) REFERENCES `calendar` (`CalendarId`) ON DELETE NO ACTION ON UPDATE NO ACTION,
  CONSTRAINT `UserId` FOREIGN KEY (`UserId`) REFERENCES `user` (`UserId`) ON DELETE NO ACTION ON UPDATE NO ACTION
) ENGINE=InnoDB DEFAULT CHARSET=utf8;
/*!40101 SET character_set_client = @saved_cs_client */;

--
-- Dumping data for table `usercalendars`
--

LOCK TABLES `usercalendars` WRITE;
/*!40000 ALTER TABLE `usercalendars` DISABLE KEYS */;
INSERT INTO `usercalendars` VALUES (1,20,1,1,0),(1,33,0,0,0),(1,78,0,1,0),(1,93,0,0,0),(1,94,3,0,0),(1,95,2,1,0),(1,100,3,0,0),(2,5,0,1,0),(2,6,2,0,0),(2,37,3,0,0),(2,45,3,1,0),(2,74,0,1,0),(2,86,1,0,0),(2,87,1,0,0),(3,25,1,0,0),(3,32,0,0,0),(3,40,1,1,0),(3,52,1,1,0),(3,66,2,1,0),(3,79,1,0,0),(3,84,2,0,0),(3,97,3,1,0),(4,23,1,1,0),(4,38,3,0,0),(4,39,1,1,0),(4,65,0,1,0),(4,81,0,0,0),(4,93,2,0,0),(5,10,3,1,0),(5,45,1,1,0),(5,60,3,0,0),(5,69,2,0,0),(5,80,3,1,0),(5,90,2,1,0),(5,100,3,0,0),(6,10,0,0,0),(6,23,1,0,0),(6,28,3,0,0),(6,36,3,1,0),(6,37,3,1,0),(6,48,3,1,0),(6,69,0,0,0),(6,72,2,1,0),(6,87,2,1,0),(7,41,1,0,0),(8,16,2,1,0),(8,22,0,0,0),(8,41,3,1,0),(8,51,1,1,0),(8,94,3,0,0),(10,1,1,0,0),(11,6,3,1,0),(11,40,2,0,0),(11,44,0,0,0),(11,61,1,0,0),(11,71,3,0,0),(11,88,0,1,0),(11,92,3,0,0),(12,25,0,1,0),(12,26,2,0,0),(12,30,3,1,0),(12,50,3,0,0),(12,62,1,0,0),(12,72,1,0,0),(12,74,1,0,0),(12,81,2,0,0),(12,83,1,1,0),(12,85,2,0,0),(12,97,3,0,0),(13,20,1,0,0),(13,59,2,1,0),(13,70,3,1,0),(14,18,1,0,0),(14,30,0,0,0),(14,38,3,0,0),(14,53,3,1,0),(14,70,3,0,0),(14,92,2,0,0),(14,96,3,1,0),(15,1,0,1,0),(15,8,3,0,0),(15,18,1,0,0),(15,19,2,0,0),(15,57,3,0,0),(15,65,1,0,0),(15,79,2,0,0),(15,81,3,0,0),(16,49,0,1,0),(16,66,2,0,0),(16,72,3,1,0),(16,86,3,1,0),(16,92,2,1,0),(17,22,0,1,0),(17,24,1,0,0),(17,28,0,0,0),(17,43,1,0,0),(17,59,1,0,0),(17,75,3,0,0),(17,87,1,1,0),(17,97,2,1,0),(18,2,1,0,0),(18,56,0,0,0),(18,71,1,1,0),(18,72,3,0,0),(18,89,0,0,0),(18,98,3,0,0),(19,10,1,1,0),(19,12,1,1,0),(19,27,2,1,0),(19,35,3,1,0),(19,49,2,0,0),(19,53,0,0,0),(19,65,1,1,0),(20,16,3,1,0),(20,30,3,0,0),(20,37,2,1,0),(20,43,1,1,0),(20,61,3,0,0),(20,71,1,0,0),(20,74,2,1,0),(20,84,1,0,0),(20,89,2,0,0),(20,100,1,0,0),(21,2,0,1,0),(21,10,2,1,0),(21,58,0,1,0),(21,76,3,1,0),(21,85,3,0,0),(21,95,1,0,0),(21,98,3,1,0),(22,8,1,1,0),(22,11,0,1,0),(22,38,3,1,0),(22,50,1,1,0),(22,84,0,0,0),(22,85,0,1,0),(22,86,1,0,0),(22,99,2,0,0),(23,7,3,0,0),(23,10,0,0,0),(23,19,1,0,0),(23,21,0,1,0),(23,86,3,1,0),(23,94,1,1,0),(24,10,2,0,0),(24,27,1,0,0),(24,42,0,0,0),(24,67,0,0,0),(24,68,0,1,0),(24,78,1,1,0),(24,93,0,0,0),(25,40,2,1,0),(25,55,3,0,0),(25,68,1,1,0),(25,80,0,0,0),(25,96,3,0,0);
/*!40000 ALTER TABLE `usercalendars` ENABLE KEYS */;
UNLOCK TABLES;
/*!50003 SET @saved_cs_client      = @@character_set_client */ ;
/*!50003 SET @saved_cs_results     = @@character_set_results */ ;
/*!50003 SET @saved_col_connection = @@collation_connection */ ;
/*!50003 SET character_set_client  = utf8 */ ;
/*!50003 SET character_set_results = utf8 */ ;
/*!50003 SET collation_connection  = utf8_general_ci */ ;
/*!50003 SET @saved_sql_mode       = @@sql_mode */ ;
/*!50003 SET sql_mode              = 'STRICT_TRANS_TABLES,STRICT_ALL_TABLES,NO_ZERO_IN_DATE,NO_ZERO_DATE,ALLOW_INVALID_DATES,ERROR_FOR_DIVISION_BY_ZERO,TRADITIONAL,NO_AUTO_CREATE_USER,NO_ENGINE_SUBSTITUTION' */ ;
DELIMITER ;;
/*!50003 CREATE*/ /*!50017 DEFINER=`root`@`localhost`*/ /*!50003 TRIGGER usercalendars_del BEFORE DELETE ON usercalendars
FOR EACH ROW
BEGIN
	CALL raise_application_error(-20001, "Records can not be deleted");
END */;;
DELIMITER ;
/*!50003 SET sql_mode              = @saved_sql_mode */ ;
/*!50003 SET character_set_client  = @saved_cs_client */ ;
/*!50003 SET character_set_results = @saved_cs_results */ ;
/*!50003 SET collation_connection  = @saved_col_connection */ ;

--
-- Table structure for table `usertask`
--

DROP TABLE IF EXISTS `usertask`;
/*!40101 SET @saved_cs_client     = @@character_set_client */;
/*!40101 SET character_set_client = utf8 */;
CREATE TABLE `usertask` (
  `UserId` int(11) NOT NULL,
  `TaskId` int(11) NOT NULL,
  `Deleted` tinyint(1) NOT NULL DEFAULT '0',
  PRIMARY KEY (`UserId`,`TaskId`),
  KEY `TaskId_idx` (`TaskId`),
  CONSTRAINT `usertask_ibfk_1` FOREIGN KEY (`UserId`) REFERENCES `user` (`UserId`) ON DELETE NO ACTION ON UPDATE NO ACTION,
  CONSTRAINT `usertask_ibfk_2` FOREIGN KEY (`TaskId`) REFERENCES `task` (`TaskId`) ON DELETE NO ACTION ON UPDATE NO ACTION
) ENGINE=InnoDB DEFAULT CHARSET=utf8;
/*!40101 SET character_set_client = @saved_cs_client */;

--
-- Dumping data for table `usertask`
--

LOCK TABLES `usertask` WRITE;
/*!40000 ALTER TABLE `usertask` DISABLE KEYS */;
INSERT INTO `usertask` VALUES (1,48,0),(1,124,0),(2,28,0),(2,37,0),(2,60,0),(2,62,0),(2,76,0),(2,129,0),(2,143,0),(3,23,0),(3,34,0),(3,54,0),(3,66,0),(3,84,0),(3,109,0),(3,136,0),(4,3,0),(4,6,0),(4,31,0),(4,103,0),(5,2,0),(5,7,0),(5,79,0),(5,106,0),(6,39,0),(6,49,0),(6,59,0),(6,83,0),(6,107,0),(6,132,0),(6,133,0),(6,138,0),(6,145,0),(7,16,0),(7,42,0),(7,75,0),(7,82,0),(7,88,0),(7,114,0),(7,152,0),(8,29,0),(8,30,0),(8,43,0),(8,45,0),(8,46,0),(8,100,0),(8,104,0),(8,141,0),(9,8,0),(9,33,0),(9,51,0),(9,63,0),(9,102,0),(9,120,0),(9,135,0),(10,11,0),(10,14,0),(10,72,0),(10,78,0),(10,80,0),(10,113,0),(11,38,0),(11,41,0),(11,69,0),(11,71,0),(11,87,0),(11,89,0),(11,142,0),(12,64,0),(12,70,0),(12,81,0),(12,91,0),(12,98,0),(12,115,0),(12,119,0),(12,146,0),(12,147,0),(13,10,0),(13,19,0),(13,25,0),(13,58,0),(13,68,0),(13,85,0),(13,95,0),(13,117,0),(13,149,0),(13,151,0),(14,18,0),(14,53,0),(14,105,0),(14,108,0),(15,1,0),(15,40,0),(15,110,0),(15,121,0),(15,134,0),(15,148,0),(15,150,0),(16,4,0),(16,26,0),(16,99,0),(16,116,0),(16,127,0),(16,140,0),(17,21,0),(17,67,0),(17,73,0),(17,74,0),(17,86,0),(17,122,0),(17,125,0),(17,131,0),(18,32,0),(18,65,0),(18,77,0),(18,97,0),(18,112,0),(18,118,0),(19,36,0),(19,47,0),(19,90,0),(19,93,0),(19,94,0),(19,96,0),(20,137,0),(21,5,0),(21,9,0),(21,139,0),(22,15,0),(22,27,0),(22,44,0),(22,50,0),(22,56,0),(22,57,0),(22,101,0),(23,22,0),(23,24,0),(23,55,0),(23,111,0),(23,123,0),(23,128,0),(23,144,0),(24,12,0),(24,13,0),(24,17,0),(24,20,0),(24,61,0),(24,92,0),(24,126,0),(25,35,0),(25,52,0),(25,130,0);
/*!40000 ALTER TABLE `usertask` ENABLE KEYS */;
UNLOCK TABLES;
/*!50003 SET @saved_cs_client      = @@character_set_client */ ;
/*!50003 SET @saved_cs_results     = @@character_set_results */ ;
/*!50003 SET @saved_col_connection = @@collation_connection */ ;
/*!50003 SET character_set_client  = utf8 */ ;
/*!50003 SET character_set_results = utf8 */ ;
/*!50003 SET collation_connection  = utf8_general_ci */ ;
/*!50003 SET @saved_sql_mode       = @@sql_mode */ ;
/*!50003 SET sql_mode              = 'STRICT_TRANS_TABLES,STRICT_ALL_TABLES,NO_ZERO_IN_DATE,NO_ZERO_DATE,ALLOW_INVALID_DATES,ERROR_FOR_DIVISION_BY_ZERO,TRADITIONAL,NO_AUTO_CREATE_USER,NO_ENGINE_SUBSTITUTION' */ ;
DELIMITER ;;
/*!50003 CREATE*/ /*!50017 DEFINER=`root`@`localhost`*/ /*!50003 TRIGGER usertask_del BEFORE DELETE ON usertask
FOR EACH ROW
BEGIN
	CALL raise_application_error(-20001, "Records can not be deleted");
END */;;
DELIMITER ;
/*!50003 SET sql_mode              = @saved_sql_mode */ ;
/*!50003 SET character_set_client  = @saved_cs_client */ ;
/*!50003 SET character_set_results = @saved_cs_results */ ;
/*!50003 SET collation_connection  = @saved_col_connection */ ;

--
-- Dumping events for database 'annualcycle'
--

--
-- Dumping routines for database 'annualcycle'
--
/*!50003 DROP PROCEDURE IF EXISTS `get_last_custom_error` */;
/*!50003 SET @saved_cs_client      = @@character_set_client */ ;
/*!50003 SET @saved_cs_results     = @@character_set_results */ ;
/*!50003 SET @saved_col_connection = @@collation_connection */ ;
/*!50003 SET character_set_client  = utf8 */ ;
/*!50003 SET character_set_results = utf8 */ ;
/*!50003 SET collation_connection  = utf8_general_ci */ ;
/*!50003 SET @saved_sql_mode       = @@sql_mode */ ;
/*!50003 SET sql_mode              = 'STRICT_TRANS_TABLES,STRICT_ALL_TABLES,NO_ZERO_IN_DATE,NO_ZERO_DATE,ALLOW_INVALID_DATES,ERROR_FOR_DIVISION_BY_ZERO,TRADITIONAL,NO_AUTO_CREATE_USER,NO_ENGINE_SUBSTITUTION' */ ;
DELIMITER ;;
CREATE DEFINER=`root`@`localhost` PROCEDURE `get_last_custom_error`()
    DETERMINISTIC
    SQL SECURITY INVOKER
BEGIN
  SELECT @error_code, @error_message;
END ;;
DELIMITER ;
/*!50003 SET sql_mode              = @saved_sql_mode */ ;
/*!50003 SET character_set_client  = @saved_cs_client */ ;
/*!50003 SET character_set_results = @saved_cs_results */ ;
/*!50003 SET collation_connection  = @saved_col_connection */ ;
/*!50003 DROP PROCEDURE IF EXISTS `raise_application_error` */;
/*!50003 SET @saved_cs_client      = @@character_set_client */ ;
/*!50003 SET @saved_cs_results     = @@character_set_results */ ;
/*!50003 SET @saved_col_connection = @@collation_connection */ ;
/*!50003 SET character_set_client  = utf8 */ ;
/*!50003 SET character_set_results = utf8 */ ;
/*!50003 SET collation_connection  = utf8_general_ci */ ;
/*!50003 SET @saved_sql_mode       = @@sql_mode */ ;
/*!50003 SET sql_mode              = 'STRICT_TRANS_TABLES,STRICT_ALL_TABLES,NO_ZERO_IN_DATE,NO_ZERO_DATE,ALLOW_INVALID_DATES,ERROR_FOR_DIVISION_BY_ZERO,TRADITIONAL,NO_AUTO_CREATE_USER,NO_ENGINE_SUBSTITUTION' */ ;
DELIMITER ;;
CREATE DEFINER=`root`@`localhost` PROCEDURE `raise_application_error`(IN CODE INTEGER, IN MESSAGE VARCHAR(255))
    DETERMINISTIC
    SQL SECURITY INVOKER
BEGIN
  CREATE TEMPORARY TABLE IF NOT EXISTS RAISE_ERROR(F1 INT NOT NULL);

  SELECT CODE, MESSAGE INTO @error_code, @error_message;
  INSERT INTO RAISE_ERROR VALUES(NULL);
END ;;
DELIMITER ;
/*!50003 SET sql_mode              = @saved_sql_mode */ ;
/*!50003 SET character_set_client  = @saved_cs_client */ ;
/*!50003 SET character_set_results = @saved_cs_results */ ;
/*!50003 SET collation_connection  = @saved_col_connection */ ;
/*!40103 SET TIME_ZONE=@OLD_TIME_ZONE */;

/*!40101 SET SQL_MODE=@OLD_SQL_MODE */;
/*!40014 SET FOREIGN_KEY_CHECKS=@OLD_FOREIGN_KEY_CHECKS */;
/*!40014 SET UNIQUE_CHECKS=@OLD_UNIQUE_CHECKS */;
/*!40101 SET CHARACTER_SET_CLIENT=@OLD_CHARACTER_SET_CLIENT */;
/*!40101 SET CHARACTER_SET_RESULTS=@OLD_CHARACTER_SET_RESULTS */;
/*!40101 SET COLLATION_CONNECTION=@OLD_COLLATION_CONNECTION */;
/*!40111 SET SQL_NOTES=@OLD_SQL_NOTES */;

-- Dump completed on 2017-10-15  0:01:38
